P,Q,Fold Number,RMSE,RSS,MSE,MAE,MAPE,R2,durbin_watson,aic,bic
1,1,0,0.3558315971206737,142.82298957465895,0.1266161255094493,0.21680163756300241,0.008129578024634336,0.9927498464758333,2.042582901400281,-2325.119615363525,-2310.035011067351
1,1,1,0.33523919892475673,126.77064151916382,0.11238532049571266,0.20507044091641113,0.008160140610638692,0.9948419324191881,2.016626048890335,-2459.607160303303,-2444.522556007129
1,1,2,0.326474968105015,120.22890061346436,0.10658590479917049,0.19998748027772775,0.008417765668758504,0.9953359083936393,1.968390517132177,-2519.3709132875024,-2504.2863089913285
1,1,3,0.31253375853457377,110.1800510523869,0.09767735022374721,0.1903834145640483,0.008253579189973038,0.9957662357969587,2.0075803701573403,-2617.824530471521,-2602.739926175347
1,1,4,0.3706970687330479,155.00560531348515,0.13741631676727398,0.2181204932641509,0.010263561707379375,0.994934081579394,2.0022617602556014,-2232.7868919972457,-2217.702287701072
1,1,5,0.3857807925500721,167.87665284783364,0.14882681990056168,0.22731912746310715,0.01130439264148178,0.9949162577212033,2.0030757830369015,-2142.808338796787,-2127.7237345006133
1,1,6,0.38422062552701536,166.52155168265844,0.14762548908037085,0.22612544433409168,0.011702427141338682,0.9948306089118295,2.0035875726345695,-2151.950507987854,-2136.86590369168
1,2,0,0.36014591563616005,146.30733085973233,0.12970508054940796,0.2194256966104411,0.00822791152469821,0.9925729701247458,1.9918802558108277,-2295.9309950426236,-2275.8181893143915
1,2,1,0.3422775385817977,132.1496143350686,0.11715391341761383,0.20983312373077173,0.008353373109458969,0.9946230717668532,1.9373591542548514,-2410.7328482027965,-2390.6200424745643
1,2,2,0.3336271768161847,125.55440102846102,0.11130709311033782,0.2050884957172011,0.00863418389335168,0.9951293139587029,1.8814365316813735,-2468.481466592723,-2448.3686608644907
1,2,3,0.3225776844536836,117.3755769084603,0.10405636250750033,0.19631349162943793,0.008516512309157695,0.9954897414633609,1.8898074736460473,-2544.463869623663,-2524.351063895431
1,2,4,0.3739279919707123,157.71937750619296,0.13982214317924915,0.22010043741452812,0.010355676377476235,0.9948453896349152,1.96769384384524,-2211.2092308302435,-2191.0964251020114
1,2,5,0.3870909307958402,169.0188304585519,0.14983938870438993,0.22657365966268989,0.011271362342862584,0.9948816696083775,1.9976529008008428,-2133.1597869756474,-2113.0469812474153
1,2,6,0.385007073629127,167.2039439277554,0.14823044674446406,0.22712713661492137,0.011757007873099164,0.9948094251530019,1.9975101332613219,-2145.3374979818554,-2125.2246922536233
1,3,0,0.36025356432808764,146.3948073293113,0.12978263061109152,0.2198883572923153,0.008244993343845805,0.9925685295382821,1.9897928642552392,-2293.2567706503223,-2268.1157634900324
1,3,1,0.33656164634959157,127.77278074312163,0.11327374179354775,0.20586631332146954,0.008191461872132546,0.9948011571909442,1.9998829589979632,-2446.725226721138,-2421.584219560848
1,3,2,0.32407709460225576,118.46928654130689,0.1050259632458395,0.1983011660321929,0.008346372341944642,0.9954041698614103,1.9984571034875933,-2532.001794751529,-2506.860787591239
1,3,3,0.3129105656599299,110.44588893062435,0.09791302210161741,0.18986785306484696,0.008233184884982333,0.9957560207454866,2.0065730542799054,-2611.106216643196,-2585.965209482906
1,3,4,0.3718450467035374,155.96713731897427,0.13826873875795592,0.21896079489461043,0.010302895349722252,0.9949026566338975,1.9930523214100078,-2221.811286678829,-2196.6702795185392
1,3,5,0.38593765924032813,168.01320505285128,0.14894787681990387,0.22610768392665948,0.011249035555251311,0.9949121225647884,2.0124052661731566,-2137.891187581155,-2112.750180420865
1,3,6,0.38310815103376955,165.5586528782433,0.14677185538851378,0.2264361936686934,0.011718278056263987,0.9948605005411595,2.011001961796767,-2154.492017421249,-2129.351010260959
1,4,0,0.3600184454778185,146.20378106305088,0.12961328108426498,0.21976829258588543,0.008240949228434522,0.992578226644901,1.9915097202073275,-2292.7296257323633,-2262.560417140015
1,4,1,0.33677663547687475,127.93607048512361,0.11341850220312381,0.20684995915944726,0.008228228231950267,0.9947945132273702,2.0028156077202617,-2443.2845972464065,-2413.1153886540583
1,4,2,0.324048315094291,118.44824626142635,0.10500731051544902,0.19783038609180034,0.008323364262638721,0.9954049860860642,1.9990957478042988,-2530.2021466249153,-2500.032938032567
1,4,3,0.31321644644212904,110.66192373902997,0.09810454232183502,0.19007942412551532,0.008242035916429948,0.9957477194202494,2.0027016206352326,-2606.9019766529073,-2576.732768060559
1,4,4,0.37212781404243406,156.20443606195244,0.13847910998400023,0.21991244493531314,0.010347054915038565,0.9948949011977583,1.9951911319276228,-2218.0963769531477,-2187.9271683607994
1,4,5,0.3845286934464263,166.78869254231853,0.14786231608361572,0.22741744185246449,0.011311762079015802,0.9949492039928198,2.0241399891723146,-2144.142373017866,-2113.9731644255176
1,4,6,0.3839470113048527,166.28446684863954,0.14741530748992868,0.2273839312315504,0.01177257402016414,0.9948379688254007,2.009396631654131,-2147.5576408107086,-2117.3884322183603
1,5,0,0.3601817728180418,146.33646588255198,0.12973090947034732,0.22181408599529295,0.008321989096641409,0.9925714911374413,1.9852800538993987,-2289.706392257839,-2254.508982233433
1,5,1,0.33538608832185635,126.88175825453504,0.11248382823983602,0.2061107236945553,0.008200625812578487,0.9948374112806694,2.011818337725668,-2450.618881180943,-2415.421471156537
1,5,2,0.3242597013354655,118.60283121066645,0.10514435391016537,0.1993499293578255,0.008387940050657005,0.9953989892054428,2.000402522175937,-2526.730971304222,-2491.533561279816
1,5,3,0.31209750864687424,109.87267633124473,0.09740485490358566,0.18998995228192816,0.008236973616606493,0.995778046937713,2.0181106234523303,-2612.975765314797,-2577.778355290391
1,5,4,0.3719602439350909,156.0637892209886,0.13835442306825227,0.2197466420963905,0.010338320886243228,0.9948994978407055,1.9954871580838718,-2217.112488324655,-2181.9150783002488
1,5,5,0.38157759242490924,164.2384457980113,0.1456014590407903,0.2255197202166992,0.01122375932398337,0.9950264321062916,2.0597423088664817,-2159.523034050518,-2124.325624026112
1,5,6,0.38237438777451405,164.92507449645404,0.1462101724259344,0.22601702226548712,0.011701233191478961,0.9948801689528899,2.0232495229906102,-2154.817055122218,-2119.619645097812
1,6,0,0.35950291940135154,145.7853697375308,0.1292423490580948,0.2206552949211875,0.008271753569590461,0.9925994665472117,2.005200550565353,-2291.962405422561,-2251.736793966097
1,6,1,0.33734665787938944,128.36952183294022,0.11380276758239372,0.20816597744933768,0.008281119229431215,0.9947768768778319,2.0065850836440937,-2435.4693579296954,-2395.2437464732316
1,6,2,0.32549148598039335,119.50562999877734,0.10594470744572473,0.20162932857867805,0.00848384845582528,0.9953639665426024,1.991718186330611,-2516.177206286713,-2475.951594830249
1,6,3,0.3127576075120483,110.33793815191298,0.09781732105666033,0.19050372560512202,0.00825850956779401,0.9957601688479628,2.0112687052205507,-2606.209272874255,-2565.983661417791
1,6,4,0.37540709733188987,158.96959128423086,0.14093048872715505,0.22398531721363132,0.010536607608356573,0.9948045299447443,1.9532366926843825,-2194.3030256459274,-2154.0774141894635
1,6,5,0.38583115851253125,167.92049028764964,0.148865682879122,0.2288920516454406,0.011399945883780184,0.9949149302093521,2.017636026907036,-2132.51382388858,-2092.2882124321163
1,6,6,0.38433118597418064,166.61739945789722,0.1477104605123198,0.2292292385349609,0.011879142406999773,0.9948276334733344,2.001891641231269,-2141.301431720537,-2101.075820264073
2,1,0,0.3599295610012611,146.13159785952828,0.1295492888825605,0.2206210082486011,0.008272303274692434,0.9925818908960763,1.9942262258678205,-2297.286675347968,-2277.173869619736
2,1,1,0.33308531788915274,125.14689510446262,0.11094582899331766,0.203554387978985,0.008098343046156626,0.994907999717111,2.0469614889944934,-2472.148516537778,-2452.035710809546
2,1,2,0.32102374265523875,116.2474424969692,0.10305624334837704,0.197068770785092,0.008293055986222419,0.995490362815891,2.03803788297918,-2555.3578775045157,-2535.2450717762836
2,1,3,0.31468089227766105,111.69914415214204,0.09902406396466502,0.19072452502028395,0.008269745162337742,0.9957078633245792,1.9831803651869695,-2600.378613702585,-2580.265807974353
2,1,4,0.3719909895273329,156.0895902145834,0.13837729628952442,0.2197667626572441,0.010338472074972961,0.9948986546084336,1.9961643804705398,-2222.9260189620995,-2202.8132132338674
2,1,5,0.38531896127601195,167.47495176443434,0.148470701918825,0.2261082010875967,0.011247412197234139,0.994928422276229,2.0169102722561063,-2143.510690791296,-2123.3978850630638
2,1,6,0.38506487347527646,167.25415125295058,0.14827495678453056,0.22754077133269573,0.011778945789791271,0.9948078665481438,1.9989401945542684,-2144.9988375394178,-2124.8860318111856
2,2,0,0.35402762783442165,141.37851311263645,0.12533556127006762,0.2164038749509654,0.008113370494414565,0.9928231727389433,2.0664715150305972,-2332.5860113132844,-2307.4450041529944
2,2,1,0.33658971702799206,127.79409522293368,0.11329263760898367,0.20614331331070507,0.008198361201293435,0.9948002899434017,2.005993617130169,-2446.5370745344158,-2421.396067374126
2,2,2,0.3248891811512494,119.0637614728579,0.10555298002912944,0.1999207823584444,0.008410747549534005,0.9953811081389435,1.9926401002612222,-2526.355682528907,-2501.214675368617
2,2,3,0.31308872525585696,110.57169226727669,0.09802454988233757,0.18916960953498432,0.008202581181977576,0.9957511866429585,2.0055479027901684,-2609.822099983335,-2584.681092823045
2,2,4,0.3680584848961504,152.80683048696812,0.13546704830404968,0.21719673570778233,0.010224100375317301,0.9950059422961332,2.0408584544405417,-2244.902291520513,-2219.761284360223
2,2,5,0.3838980833621195,166.24208892547477,0.1473777384091089,0.2257367374977684,0.011230892766588209,0.9949657565739534,2.0329107411072025,-2149.8451504652526,-2124.7041433049626
2,2,6,0.38590485603207303,167.98464532150427,0.14892255790913508,0.2272309468797263,0.011761025493753456,0.9947851895463397,1.9861816397873213,-2138.0829470046237,-2112.941939844334
2,3,0,0.367758999403467,152.5582568924459,0.13524668164223955,0.22426286115468627,0.008406657595944023,0.99225565304897,1.9082911863039105,-2244.7387233075174,-2214.569514715169
2,3,1,0.3437601072910983,133.29690081948021,0.1181710113647874,0.21050320295602148,0.008383307966616687,0.9945763907597192,1.909733184937732,-2396.982129025606,-2366.8129204332577
2,3,2,0.32752534703107655,121.003778125149,0.10727285294782724,0.2024685392723027,0.008526765644829003,0.9953058482360584,1.9645584822383988,-2506.124259609006,-2475.9550510166578
2,3,3,0.3194701951959117,115.1250399376837,0.1020612056185141,0.19517904170950365,0.008466572208049304,0.9955762203020752,1.9314347484338654,-2562.3019621691174,-2532.132753576769
2,3,4,0.379022200320632,162.04603036288765,0.14365782833589322,0.22711300840979476,0.01070472477249271,0.9947039852620735,1.9269989444672744,-2176.682087032935,-2146.512878440587
2,3,5,0.3974773583947314,178.21074649231983,0.15798825043645381,0.23715219156060535,0.01182620256587903,0.9946033144507584,1.9000391382286916,-2069.4246435165373,-2039.2554349241893
2,3,6,0.3962086116003336,177.07486568626578,0.15698126390626413,0.2367609152170474,0.012295005203941438,0.9945029984205167,1.8901295510722753,-2076.637307755135,-2046.4680991627872
2,4,0,0.3566195775871373,143.45624607758708,0.12717752311842842,0.21996814600787587,0.008256946970046397,0.9927177003424966,2.0407796567470387,-2312.129281372056,-2276.93187134765
2,4,1,0.3373729334684321,128.3895197554433,0.11382049623709503,0.20832734765491143,0.008289673333700598,0.9947760631986196,2.0056438270549846,-2437.2936472206234,-2402.0962371962173
2,4,2,0.32343687288406725,118.0016713158754,0.10461141074102424,0.19982486657771323,0.008412604705460246,0.9954223102605724,2.0125206633963346,-2532.462982430629,-2497.265572406223
2,4,3,0.3158923262070681,112.56082086134636,0.09978796175651285,0.19252538916506035,0.008352999853229882,0.9956747526482709,1.9783465094757626,-2585.710315630266,-2550.51290560586
2,4,4,0.37269250727446906,156.67886721578205,0.1388997049785302,0.223164879292124,0.010529294329378438,0.9948793957615734,1.997513253159438,-2212.6755568194794,-2177.4781467950734
2,4,5,0.40147972358692785,181.81777241321979,0.1611859684514358,0.23926843586553995,0.011955211899986374,0.9944940843114645,1.8651190154826303,-2044.821648665767,-2009.624238641361
2,4,6,0.3858538692304078,167.94025907528646,0.14888320840007654,0.23150900769635482,0.012052149222354131,0.9947865674452561,2.0110901015083607,-2134.3810355676924,-2099.1836255432863
2,5,0,0.35943145889473543,145.72741826952722,0.12919097364319773,0.2201344017809154,0.008257566419426139,0.992602408349797,1.9980026057832145,-2292.41088836711,-2252.1852769106463
2,5,1,0.33837404414289535,129.1526089495692,0.11449699374961818,0.20863885989523873,0.008306424242661677,0.9947450144827156,1.9903112981486,-2428.6091709040534,-2388.3835594475895
2,5,2,0.3243721803569102,118.68512724735135,0.1052173113894958,0.2006142042253834,0.008446712153216086,0.9953957966597905,2.0079182468056986,-2523.948546998281,-2483.722935541817
2,5,3,0.31544484210846824,112.24214580967954,0.09950544841283639,0.19344337641586729,0.008387275912720937,0.995686998014045,1.9915915442149708,-2586.9083668338426,-2546.6827553773787
2,5,4,0.38079663711343137,163.56685692802134,0.14500607883689817,0.22682265605401766,0.010679692224115305,0.9946542813607515,1.914674218137082,-2162.1450050739004,-2121.9193936174365
2,5,5,0.3911160271710213,172.55213028892857,0.15297174671004332,0.23377913517028123,0.011645801244432093,0.9947746720871222,1.9707475192517117,-2101.8222973611582,-2061.5966859046944
2,5,6,0.38529217121256415,167.4516645189964,0.14845005719769172,0.23051571053841055,0.011961876224694804,0.9948017350696237,2.0137530773014327,-2135.667549109624,-2095.44193765316
2,6,0,0.35983085752106714,146.05146151546288,0.12947824602434665,0.22009952047809286,0.008256356670294687,0.9925859588742013,1.9943171494103344,-2287.9054230506276,-2242.6516101621055
2,6,1,0.33517413417272834,126.72143784639817,0.11234170021843819,0.20675265431157022,0.00823082927223543,0.9948439344274315,2.0268281189069444,-2448.045057563963,-2402.791244675441
2,6,2,0.3256569113108216,119.62713414172087,0.10605242388450438,0.20169265424346974,0.008492420854391218,0.9953592529799702,1.9930243055012729,-2513.030925177745,-2467.7771122892227
2,6,3,0.3154464477335204,112.24328844532178,0.09950646138769667,0.19352392758932035,0.008392731967142048,0.9956869541072776,1.9909620245958406,-2584.896883745784,-2539.643070857262
2,6,4,0.37389286511939385,157.68974653434947,0.1397958745871894,0.2242592752648954,0.010570045260065442,0.9948463580391594,2.0016042431698216,-2201.421169761556,-2156.167356873034
2,6,5,0.38753254401635606,169.40470117377794,0.1501814726717889,0.23293870034960854,0.01162411500862392,0.9948699844381298,2.016303927848409,-2120.5874932979727,-2075.3336804094506
2,6,6,0.38528828163619094,167.44828364183837,0.14844705996616894,0.232373696221286,0.012097774293266778,0.9948018400234634,2.0223308663537045,-2133.690323848497,-2088.436510959975
2,7,0,0.3590776427776924,145.44065799626043,0.12893675354278428,0.22143162977439548,0.008307169773343906,0.9926169652219925,2.0085732511086505,-2290.632736977542,-2240.3507226569623
2,7,1,0.3371787888685591,128.24179622771553,0.1136895356628683,0.20857671998605226,0.008295160658217669,0.9947820738011547,2.0084853368399944,-2432.5922584757836,-2382.3102441552037
2,7,2,0.32480831227976303,119.00449601095964,0.10550043972602818,0.2015733670397354,0.008484855571837403,0.9953834072495732,2.006210959053953,-2516.9172982865784,-2466.6352839659985
2,7,3,0.31382056450762286,111.08921508649212,0.09848334670788317,0.19179771311172933,0.008320223550411537,0.9957313003789269,2.0093140082409366,-2594.554894252192,-2544.272879931612
2,7,4,0.3738171646057103,157.62589944074585,0.13973927255385282,0.22434114193810403,0.010582431030065476,0.994848444700264,2.004238696527683,-2199.87797882567,-2149.5959645050903
2,7,5,0.3845639142854248,166.81924790435505,0.14788940417052754,0.2317097294010072,0.01157519305059601,0.9949482786968766,2.0637991419829214,-2135.935744551964,-2085.653730231384
2,7,6,0.387017690459181,168.95487739758832,0.1497826927283583,0.2330592789218857,0.012134274269957269,0.9947550702675022,2.0102513862952707,-2121.5866784879227,-2071.3046641673427
2,8,0,0.3590857441647495,145.44722083513295,0.1289425716623519,0.22179551850130538,0.00831963313047675,0.9926166320712194,2.019737928769625,-2288.581838450735,-2233.271622698097
2,8,1,0.336998666304492,128.10481803065517,0.11356810109100625,0.20797468700427596,0.008272952209596483,0.9947876471956651,2.0125672465386844,-2431.797746766993,-2376.4875310143548
2,8,2,0.3267939059348468,120.46392184654114,0.10679425695615354,0.20324945323763746,0.008561070949248498,0.99532679111356,1.9914875267218732,-2501.168072068942,-2445.8578563163037
2,8,3,0.3148539256080946,111.82201776309351,0.09913299447082734,0.19229505316638493,0.0083392396836637,0.9957031417993069,1.9952284564536924,-2585.138449720557,-2529.828233967919
2,8,4,0.37671964605602526,160.08315626532283,0.14191769172457697,0.22731715393616406,0.01072353702112187,0.9947681362327953,1.9742703444751752,-2180.4290523996924,-2125.118836647054
2,8,5,0.38914422141325855,170.81667786692557,0.1514332250593313,0.23163847414508598,0.011562549617159834,0.9948272261064032,1.9982658292064475,-2107.224655144251,-2051.9144393916126
2,8,6,0.38592253575429053,168.00003766420843,0.1489362036030215,0.2300687608684164,0.011932712252281643,0.9947847117160624,1.9882715554214665,-2125.9795937063254,-2070.669377953687
2,9,0,0.35921865401130754,145.55491068757652,0.12903804138969543,0.22297366362150847,0.00836522046425484,0.9926111653885409,2.011377477420133,-2285.7469706202774,-2225.4085534355813
2,9,1,0.33720756621629416,128.2636873808465,0.1137089427135165,0.20832361247670955,0.008284835792945285,0.9947811830898202,2.0123040025230092,-2428.399722858653,-2368.061305673957
2,9,2,0.31453457518640565,111.59529485811731,0.09893199898769266,0.19794812828555833,0.00834187668172717,0.9956708355861086,2.125359296547498,-2585.427829371592,-2525.089412186896
2,9,3,0.3140497782236735,111.25155289223788,0.09862726320233864,0.191606595998853,0.008309128406309511,0.995725062407677,2.007774134769449,-2588.907719250637,-2528.569302065941
2,9,4,0.3735863421421774,157.43129967967405,0.13956675503517219,0.22445791493892725,0.010590877468268775,0.9948548046413273,2.0078109866123537,-2197.2714309290764,-2136.9330137443803
2,9,5,0.392931755510565,174.15797114315706,0.15439536448861435,0.23693505671535553,0.011830649313001432,0.9947260430436837,1.9842330161774473,-2083.3732136510766,-2023.0347964663806
2,9,6,0.3875879612092105,169.45315441662444,0.15022442767431204,0.23233007032383407,0.012076071709828868,0.9947396020668062,1.998682364760746,-2114.264908134895,-2053.926490950199
2,10,0,0.36266184190070144,148.35863385187298,0.13152361157080938,0.22506614064500507,0.008447253030897169,0.9924688393985798,1.9896742789680026,-2262.2257054507554,-2196.8590868340016
2,10,1,0.3376806296904946,128.62381824969458,0.114028207668169,0.20920323159726822,0.00832049345049933,0.9947665300176484,2.011836068499544,-2423.2370319742754,-2357.870413357521
3,1,0,0.3604506623595279,146.55503903483643,0.12992467999542232,0.22068437597418022,0.00827890924652191,0.9925603956624408,1.9806106516402082,-2292.0228298642155,-2266.8818227039255
3,1,1,0.33649948961573706,127.72559054514295,0.1132319065116517,0.20628066857127889,0.008205868706381519,0.9948030772745489,2.000716341992878,-2447.1419068248656,-2422.0008996645756
3,1,2,0.32424951580091976,118.59538030476367,0.10513774849713103,0.19894260975076986,0.008370382459792495,0.9953992782516498,1.9994995758486438,-2530.801837115624,-2505.660829955334
3,1,3,0.31294504876804674,110.47023280263484,0.09793460354843496,0.18909080521834293,0.008195022116501107,0.995755085311051,2.007894241548964,-2610.8576165181967,-2585.7166093579067
3,1,4,0.3733641446754318,157.2440849489565,0.1394007845292166,0.2205884475496773,0.010376792852768674,0.9948609232236264,1.9818455878108125,-2212.61362832666,-2187.47262116637
3,1,5,0.3860410846534475,168.1032670775827,0.14902771904041034,0.22897825849026304,0.01139033521153308,0.9949093952521153,1.9999599006428217,-2137.28669494392,-2112.14568778363
3,1,6,0.38535443368017175,167.50578862025753,0.14849803955696583,0.22774713396188337,0.01179061425920218,0.9948000548748147,1.9958986238427592,-2141.303013338398,-2116.162006178108
3,2,0,0.3596572516799977,145.9105660378184,0.12935333868600912,0.22001253368713924,0.008253643979959266,0.9925931111810311,1.9944732150888151,-2294.9941270334884,-2264.82491844114
3,2,1,0.33766514665704644,128.61202342909104,0.11401775126692452,0.20724035291408466,0.00823850480668662,0.9947670099275159,1.9987512002787768,-2437.3404744616323,-2407.171265869284
3,2,2,0.3241218215185619,118.50198944812784,0.10505495518451065,0.20066689432790086,0.008444370914972299,0.9954029012034386,1.9950836782465995,-2529.690458460037,-2499.5212498676888
3,2,3,0.3123335827302765,110.03895706447517,0.09755226690113054,0.1890576122137303,0.008197714919116783,0.9957716574560483,2.0162242970924007,-2613.2699464826323,-2583.100737890284
3,2,4,0.3720382899602335,156.12928781369126,0.13841248919653487,0.2199510615764745,0.010346958269718601,0.9948973572050386,2.0001395887049975,-2218.6391760119377,-2188.4699674195895
3,2,5,0.3858821105668722,167.9648436722534,0.14890500325554387,0.22800567509026598,0.011345709560175892,0.994913587073349,2.0206184612151765,-2136.215920925482,-2106.0467123331337
3,2,6,0.38590265632285603,167.982730257137,0.14892086015703615,0.22848573972363231,0.011832160213355881,0.9947852489964022,1.9938126440939037,-2136.0958065425652,-2105.926597950217
3,3,0,0.3579305201301546,144.51288216744533,0.1281142572406429,0.2190101243035357,0.008219018510826,0.9926640621019482,2.019183378117684,-2303.8513741834417,-2268.6539641590357
3,3,1,0.33848100334326325,129.23427149616774,0.11456938962426218,0.20887381912923134,0.008304792780344976,0.9947416917817405,2.00332134077279,-2429.896167554416,-2394.69875753001
3,3,2,0.3242603796651154,118.60332742959707,0.10514479382056471,0.20023582066703788,0.008432473821400523,0.9953989699554078,2.0048413048870466,-2526.726251907755,-2491.528841883349
3,3,3,0.31480950828141,111.79046989694422,0.09910502650438302,0.19082198788557625,0.008273820502197228,0.9957043540534773,1.9906797040924642,-2593.456732421356,-2558.2593223969498
3,3,4,0.3731403447510941,157.0556326417289,0.13923371688096525,0.22361407467519615,0.010545940015701421,0.9948670822526026,1.9954351620915574,-2209.96631314392,-2174.768903119514
3,3,5,0.38936556017802876,171.01104850270215,0.15160553945275015,0.2328194275918549,0.01164498189840472,0.9948213400573184,1.9952969950574118,-2113.941844629642,-2078.744434605236
3,3,6,0.38659191173258783,168.5833294128403,0.14945330621705702,0.23188743359085867,0.012077141310995094,0.9947666043711769,2.003899867725595,-2130.0699902293027,-2094.8725802048966
3,4,0,0.3659987472736724,151.1013336306524,0.13395508300589776,0.22617897776669343,0.008484469113263561,0.9923296111516003,1.951309950532173,-2251.562830966369,-2211.337219509905
3,4,1,0.33789448141973083,128.78678368736917,0.11417268057390889,0.20747237976436694,0.008250391520764538,0.9947598992494295,1.9919566277084975,-2431.8087688268115,-2391.5831573703476
3,4,2,0.33305097976243486,125.1210933761697,0.11092295512071781,0.2058468626451531,0.008665134786631785,0.9951461234493804,1.8941660851152267,-2464.381102013802,-2424.155490557338
3,4,3,0.3228306722282529,117.5597572265579,0.10421964293134552,0.19629841933908151,0.00851541141764788,0.9954826641745939,1.8837902013807193,-2534.6952515301728,-2494.469640073709
3,4,4,0.3681209018678947,152.8586621862123,0.1355129983920321,0.21813889539601727,0.010283798702012032,0.9950042483241026,2.0583345270687823,-2238.5197415846565,-2198.2941301281926
3,4,5,0.3837174764956365,166.08570679450628,0.14723910176817917,0.22690727215285122,0.011291858448178711,0.9949704922321725,2.0489404038262395,-2144.9067472322076,-2104.6811357757438
3,4,6,0.3824553746551351,164.99494414373254,0.14627211360259976,0.2267384961781537,0.011745299247612818,0.9948779999631806,2.031429122997161,-2152.3392850030646,-2112.1136735466007
3,5,0,0.3596965875668803,145.94248440098744,0.12938163510725836,0.2219937730784866,0.008328503346992602,0.9925914909024338,2.0014260175420593,-2288.747400718693,-2243.493587830171
3,5,1,0.3358080676517527,127.20124176240463,0.11276705830000397,0.20758190016299635,0.008255128759908852,0.9948244120759261,2.0212152206143985,-2443.7821893379014,-2398.5283764493793
3,5,2,0.32496906969578493,119.12232298008874,0.10560489625894395,0.20201211503567348,0.008500236756422978,0.995378836337131,2.0143414340196957,-2517.8010121615002,-2472.547199272978
3,5,3,0.3132770764479738,110.70477003614671,0.09814252662778965,0.19125167576482704,0.00829063373642814,0.9957460730140513,2.0148934008257893,-2600.4653199641607,-2555.2115070756386
3,5,4,0.37683793681701494,160.1837049444411,0.1420068306245046,0.22569087979449778,0.010629542806493336,0.9947648500844997,1.9705970244202142,-2183.720774850504,-2138.4669619619817
3,5,5,0.38079204701582187,163.5629137035239,0.14500258307049976,0.22526535795865302,0.011215396631086682,0.9950468889775193,2.0742250875197694,-2160.172198913365,-2114.9183860248427
3,5,6,0.38501667254478583,167.2122814190536,0.1482378381374592,0.22960476829336807,0.01190663725899493,0.9948091663291272,2.0127591651235464,-2135.281252563877,-2090.027439675355
3,6,0,0.35965852482480554,145.91159905248713,0.12935425447915527,0.2218217984643581,0.00832264664713067,0.9925930587418897,2.0032181761862935,-2286.9861410702147,-2236.7041267496347
3,6,1,0.3357993544896426,127.19464090454521,0.1127612064756607,0.20761881246785063,0.008256569917969745,0.9948246806528657,2.0221387770002717,-2441.840726194621,-2391.558711874041
3,6,2,0.32470675701529506,118.93009124196777,0.1054344780513898,0.20058229763315363,0.00844001921929772,0.9953862936658737,2.0078512420955246,-2517.6227743850964,-2467.3407600645164
3,6,3,0.31300232800874545,110.51067587827275,0.09797045733889423,0.19113853345879037,0.008286136455563142,0.9957535312507264,2.015531157489727,-2600.4447320740032,-2550.1627177534233
3,6,4,0.3756521629511788,159.1772096137261,0.14111454752989905,0.22490421666975663,0.01059749835286488,0.9947977445287091,1.9840900632464444,-2188.830790135434,-2138.5487758148543
3,6,5,0.3889106855870756,170.61171609837672,0.151251521363809,0.2297731495420491,0.011449652197227997,0.9948334328825726,2.003445055465133,-2110.5789473283917,-2060.2969330078117
3,6,6,0.3811132787404827,163.8389896300579,0.14524733123232092,0.22721404052620742,0.011787274215026289,0.9949138846934208,2.061115637333449,-2156.2698659350335,-2105.9878516144536
3,7,0,0.360007781977246,146.19512027895087,0.12960560308417615,0.22206126246400976,0.008326131786393957,0.9925786662941098,2.010944343601743,-2282.7964479018246,-2227.4862321491864
3,7,1,0.3350852374918818,126.65422728226966,0.11228211638499079,0.20708167082791584,0.008237355461891516,0.9948466691034398,2.0258016610177196,-2444.643485341759,-2389.333269589121
3,7,2,0.32021878005252824,115.66519568691562,0.10254006709832962,0.19867296131458945,0.008361537467250213,0.9955129501675656,2.0615093213305133,-2547.0218705221387,-2491.7116547695005
3,7,3,0.3139803893558072,111.20239656722738,0.09858368490002425,0.19129495405280783,0.008292564332883022,0.9957269512821801,2.0057186630268835,-2591.4062344323115,-2536.0960186796733
3,7,4,0.37360114191938504,157.4437733386324,0.1395778132434685,0.22291219041902663,0.010500513308149474,0.994854396975175,1.995380763212849,-2199.1820603277306,-2143.8718445750924
3,7,5,0.38961363887264044,171.22903240781457,0.15179878759558038,0.23049499051026892,0.011486950306294489,0.994814738936938,1.9984194749656292,-2104.5049242224045,-2049.1947084697663
3,7,6,0.38987468531333525,171.45856083993823,0.1520022702481721,0.2326678977704795,0.012068278854518175,0.9946773474818105,1.9641559358751486,-2102.9938796718943,-2047.6836639192563
3,8,0,0.3614439585093705,147.36387724121775,0.13064173514292368,0.22406898669691394,0.008413363061865832,0.9925193364380824,1.9960145780777965,-2271.8145067559594,-2211.4760895712634
3,8,1,0.33915975483354194,129.75309472898806,0.11502933929874833,0.20969499524771343,0.008342369409039456,0.9947205818049722,1.9980152876078578,-2415.3767703496646,-2355.0383531649686
3,8,2,0.32442693420391827,118.72519859848356,0.10525283563695365,0.20023315702381894,0.008426487291873288,0.9953942421545798,2.008616322750812,-2515.5677675663364,-2455.2293503816404
3,8,3,0.3139045887886614,111.14871049298866,0.09853609086257856,0.19116997331728483,0.008289300481916331,0.9957290142162335,2.0059617740089855,-2589.950939549535,-2529.612522364839
3,8,4,0.3728422287791204,156.80477748878764,0.13901132756098178,0.22314766224111532,0.010525182603652542,0.9948752807415386,2.015641986446924,-2201.769437486069,-2141.431020301373
3,8,5,0.38816713069756004,169.95995768728565,0.15067372135397678,0.23008653674880175,0.011475939173976846,0.994853169824749,2.011631049854648,-2110.8963021866666,-2050.5578850019706
3,8,6,0.3859770620644861,168.0475138722435,0.14897829243993224,0.22953945122233596,0.011920946048329287,0.9947832378943003,2.0118568233001124,-2123.6608699853805,-2063.3224528006845
3,9,0,0.3631829174346898,148.78526595046839,0.13190183151637289,0.22551503943370554,0.008466874471970528,0.9924471821834329,1.98010984605956,-2258.9865924269207,-2193.619973810167
3,9,1,0.3392995277509662,129.86006323212837,0.1151241695320286,0.20944045609543793,0.008329225608062865,0.9947162294505028,1.991545554171386,-2412.4472298031237,-2347.0806111863694
3,9,2,0.32446818383881615,118.75539142108823,0.10527960232365982,0.20075445788891572,0.008452356035406816,0.9953930708713878,2.0127760258577307,-2513.2809440909646,-2447.9143254742103
3,9,3,0.31373331068885196,111.02744978596854,0.09842859023578779,0.1917904042901064,0.008316960360002916,0.9957336737642706,2.0135984071553876,-2589.182233590521,-2523.815614973767
3,9,4,0.3748197584708146,158.47255231165514,0.14048985134011985,0.2252611174496611,0.010623695801760143,0.9948207742533409,2.0066900196737674,-2187.835388506691,-2122.468769889937
3,9,5,0.3887637375950828,170.4828108585174,0.15113724366889825,0.23190893040775334,0.011567602749104872,0.9948373364689661,2.0221311911731554,-2105.4315269272547,-2040.0649083105006
3,9,6,0.3871450717293021,169.06611380451517,0.14988130656428644,0.23118928258762533,0.012003975826480913,0.9947516171139323,2.013534260960584,-2114.8442709167434,-2049.477652299989
3,10,0,0.35996485342004453,146.16025674702158,0.1295746956977145,0.22351150942221515,0.00838928663533414,0.9925804360789298,2.0166497210057766,-2277.06547708543,-2206.6706570366177
3,10,1,0.3383667678789148,129.1470545142408,0.11449206960482336,0.20949649292720074,0.008334505534090361,0.9947452404826195,2.008577942522092,-2416.6576835731566,-2346.2628635243445
4,1,0,0.3606206765086705,146.6933231832443,0.13004727232557095,0.22160916883693654,0.008313926688735753,0.9925533759150674,1.996327768026582,-2288.958990804478,-2258.78978221213
4,1,1,0.33674436117554396,127.91155067581644,0.1133967647835253,0.2076328064364245,0.008258713097690093,0.994795510893959,2.0123243147241325,-2443.500806760942,-2413.3315981685937
4,1,2,0.32343551365590023,118.00067952506959,0.10461053149385612,0.1989442002487041,0.008372636236762548,0.9954223487355409,2.010896413963629,-2534.4724631838913,-2504.303254591543
4,1,3,0.3135652476041292,110.90852956168382,0.09832316450503872,0.1903796472028062,0.008254222661248081,0.9957382433772249,2.0027210585452444,-2604.391068915246,-2574.2218603228976
4,1,4,0.37544060205624136,158.9979683184142,0.14095564567235286,0.2225722054793839,0.01046429422882222,0.9948036025218946,1.9574457006720927,-2198.101688788271,-2167.932480195923
4,1,5,0.38779667539623736,169.63570291376664,0.15038626144837475,0.22945510672682898,0.011421277481729082,0.9948629891038047,1.9956035308254039,-2125.050390345718,-2094.8811817533697
4,1,6,0.385204598831038,167.37555357953528,0.14838258296058104,0.22859644678856136,0.011837719117318613,0.9948040978101108,1.9970919081005858,-2140.1803696722895,-2110.0111610799413
4,2,0,0.35934052511685943,145.65369145414158,0.12912561299126024,0.21975861034972008,0.008245806332635268,0.9926061509596666,1.994512138724434,-2294.9817136317165,-2259.7843036073104
4,2,1,0.3378327540259313,128.73973381341685,0.11413096969274539,0.20716976291483297,0.008240088360622868,0.9947618136235039,1.9911399418983857,-2434.2209380971753,-2399.0235280727693
4,2,2,0.32320209711765385,117.83042381564925,0.10445959558124923,0.19881247985820807,0.008365152575053205,0.9954289535387222,2.0139458085161066,-2534.101158219201,-2498.903748194795
4,2,3,0.31255299935335806,110.19361771259211,0.09768937740478033,0.18955609757071565,0.008217551932863904,0.9957657144862515,2.0146274696575146,-2609.6856464313655,-2574.4882364069595
4,2,4,0.37142912061597466,155.6184193716755,0.13795959164155638,0.21971760114026304,0.010340177355028046,0.9949140534906064,1.999248386758435,-2220.3361406095582,-2185.138730585152
4,2,5,0.3881441006384361,169.9397907465542,0.15065584286042052,0.22914039804686426,0.011406311568020674,0.9948537805322387,1.9904932836829976,-2121.0301552376122,-2085.832745213206
4,2,6,0.38547743107224636,167.61273464891394,0.14859284986605842,0.2283809451563377,0.011831913852742536,0.9947967349090693,1.9966892502309674,-2136.583058361019,-2101.385648336613
4,3,0,0.3622078495425376,147.9874256328189,0.13119452627022957,0.2216131370984457,0.008310736032229578,0.9924876831196473,1.9650398820084962,-2275.0516116957747,-2234.826000239311
4,3,1,0.3397369952117702,130.19514283270922,0.11542122591552241,0.2089522488671926,0.008308242606742903,0.9947025956690212,1.9782772240241608,-2419.5403854884435,-2379.3147740319796
4,3,2,0.32439074914261895,118.69871596986117,0.10522935812930946,0.2013039376192106,0.00847994355750127,0.9953952695066162,2.015473133447562,-2523.8194052774284,-2483.5937938209645
4,3,3,0.31402632132694747,111.23493438836057,0.09861253048613534,0.19146173530073454,0.008300948138850012,0.9957257009881292,2.003042714507798,-2597.076229910656,-2556.850618454192
4,3,4,0.37404227279169133,157.81579743007632,0.139907621835174,0.22559770105735003,0.010636222307299036,0.9948422384232701,2.015408603912119,-2202.519851729815,-2162.294240273351
4,3,5,0.3831864701236415,165.6263503592009,0.1468318708858163,0.23042781228109388,0.01148808793804333,0.9949844027414159,2.06126090901244,-2148.030868765139,-2107.805257308675
4,3,6,0.38617802606132173,168.22255169263414,0.14913346781261894,0.231296779253635,0.012001534451365273,0.9947778041294832,2.0005810027231887,-2130.486559813577,-2090.260948357113
4,4,0,0.36093094732161424,146.94585577249103,0.13027114873447776,0.22215200458214776,0.00833174761910918,0.9925405565500104,1.9928492743913837,-2281.018808081506,-2235.764995192984
4,4,1,0.3364788370746543,127.70991279739808,0.11321800779911176,0.20769241826936544,0.00825939184769417,0.9948037151736824,2.0250233255480072,-2439.28037230243,-2394.0265594139078
4,4,2,0.32529462290761596,119.36111542926191,0.10581659169260792,0.20094724285668317,0.008454698853329733,0.9953695727586389,1.9991165567809668,-2515.542088233847,-2470.288275345325
4,4,3,0.3132553500553843,110.68941537362649,0.09812891433832135,0.19070802333787268,0.008270658882899422,0.9957466630303011,2.0093669273966595,-2600.621783507397,-2555.367970618875
4,4,4,0.37766591760199486,160.88838311888085,0.14263154531815664,0.22591243231109684,0.010634847846305489,0.9947418196777136,1.9532723793718152,-2178.769374298228,-2133.5155614097057
4,4,5,0.38189408700812966,164.51100968431982,0.1458430936917728,0.22528898744514822,0.011202274652934902,0.9950181781619283,2.050032111820422,-2153.652599717773,-2108.3987868292506
4,4,6,0.38540481227318485,167.54958859671495,0.14853686932332888,0.2294371635762356,0.011889427287285769,0.9947986951756906,2.001699133934124,-2133.0080986640783,-2087.754285775556
4,5,0,0.3603765190295027,146.49475360770265,0.12987123546782164,0.2217993094497729,0.00832084926156887,0.9925634559442854,1.9975091963945437,-2282.486928215235,-2232.204913894655
4,5,1,0.33969462901964814,130.16267343085033,0.11539244098479642,0.20941174734711027,0.008328753775464557,0.994703916790119,1.9896194049026006,-2415.821732797407,-2365.539718476827
4,5,2,0.3287542637650548,121.91352478449723,0.10807936594370333,0.20421457115969785,0.008600352213531412,0.9952705560414519,1.95391676956973,-2489.6753017358096,-2439.3932874152297
4,5,3,0.32108228515922094,116.28984457497987,0.10309383384306725,0.19721809840543986,0.008551236741393055,0.9955314616717259,1.9223456327265747,-2542.9465065357713,-2492.6644922151913
4,5,4,0.3760205430442636,159.4895542365896,0.14139144879130275,0.22574282899183218,0.010639124722311865,0.9947875364309093,1.9619765072918072,-2186.6195469975505,-2136.3375326769706
4,5,5,0.39403473899455527,175.13708760292425,0.15526337553450728,0.23394082067652505,0.011653401814621335,0.9946963928471975,1.9370286033529382,-2081.0493551727272,-2030.7673408521473
4,5,6,0.38947911395754253,171.11080967592392,0.1516939802091524,0.2328744941983316,0.012083005730444737,0.9946881428518392,1.9609283871796443,-2107.284005301967,-2057.0019909813873
4,6,0,0.3600538174701426,146.23251166360006,0.12963875147482287,0.22143685658524093,0.008307767819179697,0.9925767681873695,2.000566150349687,-2282.507983492122,-2227.197767739484
4,6,1,0.33837552515171243,129.15373951247443,0.11449799602169726,0.2088769149531267,0.00830462761498365,0.9947449684821605,2.0032707837901462,-2422.599296776184,-2367.289081023546
4,6,2,0.3243073880482894,118.63771803136984,0.10517528194270388,0.20033880926554348,0.008434877018988854,0.9953976358259576,2.0043072888957543,-2518.3992208158434,-2463.089005063205
4,6,3,0.3180110826520462,114.07582292178596,0.10113104868952628,0.19431610697622645,0.008425658510772297,0.995616537377632,1.9599592624598878,-2562.6293671041267,-2507.3191513514885
4,6,4,0.3731317071615623,157.04836156313252,0.13922727088930187,0.22386569406455978,0.01056038369269267,0.9948673198871767,1.996567738347565,-2202.018536463645,-2146.7083207110068
4,6,5,0.3858409024508456,167.9289718606056,0.14887320200408272,0.22869485918791904,0.011402282884861118,0.994914673365233,2.011615553215678,-2126.45685065876,-2071.1466349061216
4,6,6,0.386776727926709,168.74455563569998,0.14959623726569146,0.2315796644658846,0.012028876895056873,0.9947615993649708,1.9914655935372916,-2120.991732538228,-2065.68151678559
4,7,0,0.35554242709526557,142.59095090028563,0.12641041746479256,0.21984491296752215,0.008251896487480785,0.9927616255039698,2.038347296638618,-2308.9537211673473,-2248.6153039826513
4,7,1,0.33523716757148597,126.76910521208568,0.11238395852135255,0.207624611546499,0.008262337066008547,0.9948419949287378,2.0214901922149626,-2441.6208303838844,-2381.2824131991883
4,8,0,0.36096949386751886,146.97724436735328,0.13029897550297267,0.22307487068308438,0.008374861442303594,0.9925389631641534,1.9991390837154017,-2272.7778856421164,-2207.4112670253626
4,8,1,0.3359703905787176,127.32424457385488,0.11287610334561611,0.20829474187556596,0.008290242323133405,0.9948194073145201,2.0193257205033492,-2434.6919473812745,-2369.3253287645202
4,9,0,0.36155656304167316,147.4557112581563,0.1307231482785076,0.22362356231292535,0.008394099933556503,0.9925146746485237,1.995017510597595,-2267.111780217439,-2196.716960168627
4,9,1,0.3364581477213941,127.69420806962971,0.11320408516811156,0.2085634810638174,0.008295926165092019,0.9948043541705841,2.0191349470864037,-2429.4190931099465,-2359.0242730611344
4,10,0,0.3613392831837447,147.27853550092547,0.13056607757174232,0.22388862475075433,0.008403242577928056,0.9925236686588333,1.9992969655233257,-2266.467946190196,-2191.044924709326
4,10,1,0.3389724858474105,129.60984647025424,0.11490234616157295,0.20958330576867193,0.008337923933696725,0.9947264103169252,1.9985077759310073,-2410.6227775975367,-2335.199756116667
5,1,0,0.3608947717507655,146.9164009204979,0.13024503627703715,0.2218517547812392,0.008315689836340756,0.9925420517728707,1.9940440111127429,-2285.2449349310937,-2250.0475249066876
5,1,1,0.3371284131489525,128.20347952222912,0.11365556695233067,0.20952667946623396,0.008333468437348439,0.9947836328384365,2.0159386351416195,-2438.9293381430457,-2403.7319281186396
5,1,2,0.3244451079431255,118.7385004609593,0.10526462806822633,0.19979516160857994,0.008408750595012133,0.9953937261296906,1.998300249300753,-2525.4413945590304,-2490.2439845346244
5,1,3,0.3137537513648794,111.04191780696297,0.0984414164955347,0.19015456032077271,0.00824311256982581,0.9957331178179919,1.9984085421134161,-2601.035253141287,-2565.837843116881
5,1,4,0.3717246493444578,155.8661544413334,0.13817921493026009,0.22183390944011405,0.01043810440500685,0.99490595697274,1.9939277716462571,-2218.541860950215,-2183.344450925809
5,1,5,0.38612893019248334,168.17978122523542,0.14909555073159167,0.22873166835175338,0.011389662049487857,0.9949070782044452,2.0154847972254784,-2132.773389497945,-2097.575979473539
5,1,6,0.3857448152240214,167.84534246865783,0.14879906247221428,0.22906121739332633,0.011868563309347302,0.9947895139771342,1.9996910714004013,-2135.01873971365,-2099.821329689244
5,2,0,0.3619155078828154,147.74863770637396,0.13098283484607637,0.22257060645621007,0.008343956715730237,0.9924998047614895,1.9849861285565975,-2276.8731875734243,-2236.6475761169604
5,2,1,0.33932311794655073,129.87812120470878,0.1151401783729687,0.20958460827688302,0.008337367493986683,0.9947154947043357,1.9836285735715344,-2422.2903842230426,-2382.0647727665787
5,2,2,0.32547894382812737,119.49642036353384,0.1059365428754732,0.20163453354758482,0.008485494005390495,0.9953643238159553,1.9934294561778876,-2516.2641383322275,-2476.0385268757636
5,2,3,0.31088768379198606,109.0224993810398,0.09665115193354593,0.18991341229853304,0.008234775027975214,0.9958107157257889,2.0403556379243435,-2619.737990603083,-2579.512379146619
5,2,4,0.3719660774655345,156.0686844215883,0.13835876278509598,0.22171477240341586,0.010441059059633865,0.9948993378549628,1.9858971095785984,-2215.0771072813914,-2174.8514958249275
5,2,5,0.3890272909781759,170.71403896592307,0.15134223312581804,0.23118826870942122,0.011517412658008352,0.994830334279646,1.9885864910822462,-2113.9026420901428,-2073.677030633679
5,2,6,0.3855542450480775,167.67954158654086,0.1486520758745931,0.22965705164176753,0.011905994905223021,0.9947946609962063,2.0005962836228663,-2134.133550680814,-2093.9079392243502
5,3,0,0.35892498375407567,145.31701839011,0.12882714396286343,0.22072914918020103,0.008279593505576837,0.9926232415653804,2.008150454035764,-2293.5920614973793,-2248.338248608857
5,3,1,0.33805384048063586,128.90829014386173,0.11428039906370716,0.20802799242531417,0.008268608292739059,0.9947549553719941,1.9986207692189186,-2428.745036478009,-2383.4912235894867
5,3,2,0.3247978342046771,118.9968181413672,0.1054936331040489,0.20034844964727377,0.008428923246778824,0.9953837051004804,2.001063750293226,-2518.990076346098,-2473.7362634575757
5,3,3,0.31440343367644097,111.50225755330086,0.0988495191075363,0.19154753713261016,0.008305458592470208,0.995715428863225,1.9951660201083767,-2592.3686383117374,-2547.1148254232153
5,3,4,0.37417985744913773,157.93191813290113,0.14001056572065715,0.22448174470312912,0.010578509880942912,0.9948384433475613,1.9903954445045646,-2199.690175680009,-2154.4363627914868
5,3,5,0.38386820419461576,166.2162123601239,0.147354798191599,0.23161403266004804,0.011553551002210883,0.9949665401837471,2.0618277097534463,-2142.0207440098393,-2096.766931121317
5,3,6,0.38562992683774916,167.74537685341738,0.14871044047288812,0.2304940570038778,0.011960890021170375,0.9947926172472835,2.0017713085006577,-2131.6907560170425,-2086.4369431285204
5,4,0,0.3605965548648156,146.67369942906188,0.13002987538037408,0.22039739335033956,0.008268479041597866,0.9925543720798373,1.9839155882167476,-2281.1098979824783,-2230.8278836618983
5,4,1,0.3382163771033769,129.03227841177315,0.11439031774093357,0.20803235530485908,0.008278685476127945,0.9947499105141512,1.9959159926859726,-2425.6606101098805,-2375.3785957893006
5,4,2,0.3254177493394682,119.4514906680661,0.1058967115851651,0.20125984434926786,0.008467811476565782,0.9953660667930135,1.9989996460981148,-2512.6883370361697,-2462.40632271559
5,4,3,0.3139114775120046,111.15358892513228,0.09854041571376963,0.19100071409448807,0.008280635859717157,0.9957288267582393,2.0065063814096358,-2593.9014315464856,-2543.6194172259056
5,4,4,0.3753715168225812,158.93945892382106,0.14090377564168546,0.22299286271803537,0.01049793179585043,0.9948055147354513,1.96465058947711,-2190.5168560016323,-2140.2348416810523
5,4,5,0.3905701055028275,172.07076824848852,0.1525450073124895,0.23136642728183346,0.011532029983885132,0.9947892489834023,1.9950384521022804,-2100.973432918523,-2050.691418597943
5,4,6,0.3855229312601633,167.65230563493947,0.14862793052742876,0.22923570303328877,0.011889045911376508,0.9947955064920839,2.0009839932930746,-2130.316785012587,-2080.034770692007
5,5,0,0.3611915053980227,147.15809442886615,0.1304593035716899,0.22149888901421802,0.008308704107818452,0.992529782634361,1.9815074157021468,-2275.390776592735,-2220.080560840097
5,5,1,0.33951726986760156,130.02678953525856,0.11527197653834984,0.20974928189078593,0.008341012306211164,0.9947094456594866,1.998245633653319,-2414.999928458487,-2359.6897127058487
5,5,2,0.3242159514380633,118.57082901225036,0.10511598316688864,0.20051777046250605,0.008441988961013624,0.9954002306805312,2.006385844289711,-2519.0353767765546,-2463.7251610239164
5,5,3,0.31553654879782106,112.30741777152639,0.09956331362723954,0.19382272548808505,0.008402517374011964,0.9956844898821928,1.9894248950593418,-2580.2525937932487,-2524.9423780406105
5,5,4,0.37217505226320535,156.24409602659097,0.13851426952711976,0.22295714265535807,0.010515516809409419,0.9948936050243392,2.0048330311386233,-2207.810016572103,-2152.499800819465
5,5,5,0.39102211251979785,172.46927391681447,0.15289829247944547,0.23267655634989734,0.011630282155800972,0.9947771811938673,1.986941490408875,-2096.364072383823,-2041.053856631185
5,5,6,0.38895241260478935,170.64832861778535,0.1512839792710861,0.2322323585330391,0.012090411052536259,0.9947024998250731,1.987521982422183,-2108.336909488388,-2053.0266937357496
5,6,0,0.3615986095403842,147.49000938749623,0.13075355442153916,0.22368512046589756,0.00839051886637239,0.9925129335653546,1.983328263717229,-2270.8494384551327,-2210.5110212704367
5,6,1,0.34063061853348914,130.88095822266834,0.1160292182825073,0.20964794702653747,0.008333523900793813,0.994674691084119,1.9730588507207403,-2405.6141322913045,-2345.2757151066085
5,6,2,0.3298067236914106,122.69535179104648,0.10877247499206263,0.205328979515039,0.008647703029303854,0.9952402262891189,1.950941380533935,-2478.4645751351127,-2418.1261579504167
5,6,3,0.32109064199131854,116.29589802231992,0.10309920037439693,0.19629213462685133,0.00851596255408014,0.9955312290627517,1.9200443637348141,-2538.8877902230283,-2478.5493730383323
5,6,4,0.3738153419475676,157.62436233942512,0.13973790987537704,0.22414667422783047,0.010559991303830564,0.9948484949360595,1.9900324844013928,-2195.8889786597697,-2135.5505614750737
5,6,5,0.38585654328081936,167.94258680767854,0.14888527199262272,0.2285320190721339,0.011389118978758342,0.9949142610691758,2.0196598231129594,-2124.365401056014,-2064.026983871318
5,6,6,0.38533674428942405,167.49041053151834,0.14848440649957287,0.22999782348443928,0.011935410222388967,0.9948005322626007,2.007384320733632,-2127.406575612561,-2067.068158427865
5,7,0,0.3617185774305179,147.58789140342734,0.13084032925835762,0.22259628140447899,0.008351422320152343,0.9925079647599482,1.9882814626806122,-2268.1010874757867,-2202.734468859033
5,7,1,0.33821587711445156,129.03189691243193,0.1143899795322978,0.20996549097203535,0.008349721688582543,0.9947499260366678,2.0128315629725053,-2419.6639451815254,-2354.2973265647715
5,8,0,0.35958793025145647,145.85432496908967,0.12930347958252628,0.2226983264146653,0.008361724046260949,0.9925959661582575,2.012549564035537,-2279.428997220184,-2209.034177171372
5,8,1,0.3394730585734959,129.99292805689146,0.1152419574972441,0.21079073194023967,0.008381910795292182,0.9947108234216538,1.9994114849261584,-2409.2937196230027,-2338.8988995741906
5,8,2,0.3269908952217545,120.60919538933877,0.10692304555792449,0.20448786361723056,0.008620336134003193,0.9953211554543455,2.0020620122494814,-2493.8085793308846,-2423.4137592820725
5,9,0,0.3617043529163767,147.57628390024257,0.13083003891865497,0.22437371554860425,0.008424306514062866,0.992508553994079,1.9902134368095368,-2264.189805990393,-2188.766784509523
5,9,1,0.3351528822364932,126.70536864377154,0.11232745447142878,0.20774856274857628,0.008262966040716505,0.9948445882541544,2.031590975108459,-2436.1881052615454,-2360.7650837806755
5,10,0,0.36288695970645557,148.54287455219404,0.13168694552499483,0.22562945543700974,0.008469499570469725,0.9924594867490749,1.9810069998011788,-2254.8257561021965,-2174.3745331892683
5,10,1,0.3387081280751297,129.40776511525075,0.11472319602415867,0.20975774122094668,0.008343249758685433,0.9947346326409068,2.0071844436041832,-2410.3828726991633,-2329.931649786235
6,1,0,0.36077667686813414,146.8202663252319,0.13015981057201403,0.22215393406304923,0.008333087821533573,0.9925469318735936,1.9941583749839304,-2283.983282161276,-2243.757670704812
6,1,1,0.3390931281527,129.7021207041125,0.11498414956038334,0.2093516000269006,0.00832790388969949,0.9947226558456336,1.98964833996864,-2423.8199967515975,-2383.5943852951336
6,1,2,0.3255271884584161,119.53184808012321,0.10596795042564128,0.20071572369950796,0.008446325231117555,0.9953629494532626,1.9923568025657403,-2515.929763951608,-2475.704152495144
6,1,3,0.31408732563677305,111.27815668574483,0.09865084812566025,0.19082402383163324,0.008271366659039702,0.9957240401337941,1.998887307444443,-2596.6380107314867,-2556.412399275023
6,1,4,0.3707431819973347,155.04417189319,0.13745050699750905,0.22047357816454008,0.010377357692430004,0.9949328211401591,2.01359617658456,-2222.5062718818326,-2182.2806604253688
6,1,5,0.3874703893477466,169.35036535682002,0.1501333026212944,0.22885637753344845,0.011392628885199995,0.9948716298681836,1.9998557698534427,-2122.949352399782,-2082.7237409433183
6,1,6,0.382329519390604,164.8863716563239,0.14617586139745017,0.22702696468451636,0.01175989306381207,0.994881370419696,2.028079700817437,-2153.0817930770495,-2112.8561816205856
6,2,0,0.3578772607350218,144.46987887135674,0.1280761337512027,0.2212000488549588,0.00829823503299938,0.9926662450873319,2.0224032587701912,-2300.187087761453,-2254.9332748729307
6,2,1,0.3388338189835032,129.5038265684744,0.11480835688694542,0.20965550638356245,0.008336261392529758,0.994730724074525,1.9934488713116092,-2423.5458508918086,-2378.2920380032865
6,2,2,0.3249507988681971,119.10892846076966,0.1055930216850795,0.20100907643339483,0.008458855311095168,0.9953793559564972,2.00020131776371,-2517.9278554510897,-2472.6740425625676
6,2,3,0.31384473472521174,111.10632775662506,0.0984985175147386,0.1905889542403319,0.008261982442438134,0.9957306428097068,1.9995416373298953,-2596.381145564877,-2551.127332676355
6,2,4,0.37272946786976896,156.70994501444673,0.13892725621848115,0.22247629702550067,0.010494657106824326,0.9948783800718993,1.9936278497374291,-2208.4518362803883,-2163.198023391866
6,2,5,0.38742130964711097,169.307465878274,0.15009527116868274,0.2311489611892212,0.011530577946084034,0.9948729289761246,2.017494573796472,-2121.2351311864836,-2075.9813182979615
6,2,6,0.38314960955739097,165.59448708689072,0.14680362330398092,0.22905362994549408,0.011896657793784396,0.9948593881263581,2.0305102096212098,-2146.2478947925715,-2100.9940819040494
6,3,0,0.36314639384061115,148.7553421894486,0.13187530335944017,0.22410972003391846,0.008402966659338509,0.9924487012096208,1.9787421019080305,-2265.2134791215162,-2214.9314648009363
6,3,1,0.3376853505003951,128.62741462322427,0.11403139594257493,0.20802564892287298,0.008271138088752916,0.9947663836877293,2.0083966051322903,-2429.205493082922,-2378.9234787623423
6,3,2,0.3251687349324802,119.26874856832106,0.10573470617758958,0.20148877608457116,0.008485960857870723,0.995373155986121,2.00026073570612,-2514.4153219741597,-2464.13330765358
6,3,3,0.31425689737223683,111.39834443191575,0.09875739754602467,0.19201534856467756,0.008323701419117058,0.9957194218152099,1.9990772831486283,-2591.4203538151487,-2541.1383394945688
6,3,4,0.37384397423186155,157.6485096543653,0.13975931706947262,0.2241523063928727,0.010571345596646292,0.9948477057495826,1.9951948108026658,-2199.7161875716365,-2149.4341732510566
6,3,5,0.38957610206616744,171.19604033160576,0.15176953930106873,0.23388802915730486,0.011693380050832642,0.9948157380229325,2.0025672923110465,-2106.722286004831,-2056.440271684251
6,3,6,0.38533252794982026,167.4867452045125,0.1484811570961991,0.23071598798306922,0.011975214005996788,0.9948006460467239,2.0042941540118906,-2131.431260811487,-2081.149246490907
6,4,0,0.35795769251053483,144.53482445978233,0.12813370962746665,0.21959735925898877,0.008239481584999635,0.9926629482407373,2.0100440410311493,-2295.680115908518,-2240.36990015588
6,4,1,0.33606038267985555,127.39246315021812,0.11293658080693104,0.20735823750431906,0.008245564879980013,0.9948166316243213,2.0224531774296066,-2438.087742367279,-2382.777526614641
6,4,2,0.3211570311388156,116.34399399708516,0.10314183864989826,0.19887207531262663,0.008370417077545501,0.9954866172518962,2.0546475058075044,-2540.421384742545,-2485.1111689899067
6,4,3,0.3142602455106486,111.40071815269,0.09875950190841314,0.19216524148018124,0.008336413405510737,0.9957193306029265,2.00997069952187,-2589.3963181930744,-2534.086102440436
6,4,4,0.37354465933105485,157.39617091664232,0.13953561251475383,0.2232268251628869,0.010522979141566413,0.9948559527252779,2.007817390914947,-2199.523157659208,-2144.21294190657
6,4,5,0.3873950240884522,169.2844924886195,0.15007490468849233,0.22811930923871546,0.011374458267798595,0.9948736246701969,2.013134851966993,-2117.3882002888645,-2062.0779845362263
6,4,6,0.385912088599683,167.9909420636729,0.14892814012736955,0.2293858041805465,0.011910529142900299,0.994784994074207,2.009449270258639,-2126.0406658066227,-2070.7304500539844
6,5,0,0.35985039112029615,146.06731890007717,0.12949230398943043,0.22091797010670308,0.008288825482188483,0.9925851539024437,1.9996663007039095,-2281.7829582790214,-2221.4445410943254
6,5,1,0.3388412761305765,129.50952694225168,0.11481341040979752,0.20881539088858106,0.008303371370715212,0.9947304921366502,1.9891937356900709,-2417.496200775052,-2357.157783590356
6,6,0,0.36012149701644214,146.28749166787387,0.12968749261336354,0.22290742031595948,0.008361936615559055,0.9925739772258239,2.003025371721873,-2278.083961580151,-2212.7173429633967
6,6,1,0.33627795928978493,127.55747273982733,0.11308286590410208,0.2073594377184825,0.008248099078677995,0.9948099176832662,2.0125698188467744,-2432.6276059493666,-2367.260987332613
6,7,0,0.36012643923910137,146.29150692563053,0.12969105223903396,0.22345450719034793,0.008387569242315642,0.992573773398448,2.0064114919696623,-2276.0530009796216,-2205.6581809308095
6,7,1,0.33628186312937386,127.56043437789258,0.11308549146976303,0.20842970839293568,0.008292751038855092,0.9948097971795825,2.0225266780725346,-2430.60141627279,-2360.206596223978
6,7,2,0.3308268968819932,123.45557947024179,0.10944643570056894,0.20599420674940952,0.00867843656306331,0.9952107344488096,1.941407955266431,-2467.496983793337,-2397.102163744525
6,7,3,0.3236490139132188,118.15651578549478,0.1047486842069989,0.19808325374775126,0.008596220430666686,0.9954597332084112,1.895211961933258,-2516.9837655641295,-2446.5889455153174
6,7,4,0.3830172892610195,165.48013108858552,0.14670224387285954,0.22988039414173983,0.010833683059605885,0.9945917514232433,1.8924358930904803,-2137.0271364748774,-2066.6323164260652
6,7,5,0.401470577565821,181.80948860636622,0.1611786246510338,0.23846638720008498,0.011913284903017022,0.9944943351667109,1.8688333221974796,-2030.8730426900001,-1960.478222641188
6,7,6,0.3977436827428003,178.44964191851648,0.15820003716180522,0.23913739664113792,0.012425024323862062,0.9944603207254592,1.888709645415543,-2051.9135473039755,-1981.5187272551634
6,8,0,0.35850291300419895,144.97545397745577,0.128524338632496,0.22184104053772855,0.008326711236209022,0.9926405804716553,2.0176338844473607,-2284.2465212023317,-2208.8234997214618
6,8,1,0.3364492625006894,127.68746383562679,0.11319810623725785,0.2082495724954301,0.008283619802740276,0.9948046285812391,2.015840046270925,-2427.478670572185,-2352.055649091315
6,8,2,0.3263557254464447,120.14109115172963,0.10650805953167525,0.20255702081358534,0.008529158620066514,0.995339314823968,2.0006067154649254,-2496.1950517460127,-2420.772030265143
6,9,0,0.36011732324044854,146.2841007695925,0.12968448649786604,0.22269111907256958,0.008360799573043419,0.992574149358708,2.002917092024127,-2272.110108570222,-2191.658885657294
6,9,1,0.33642909230645024,127.6721545213602,0.11318453415014197,0.20822059996012748,0.008281699220776506,0.9948052514894823,2.0161287156827514,-2425.6139222351117,-2345.1626993221835
6,9,2,0.3273954029623216,120.90778186561116,0.10718774988086076,0.20398245560897513,0.00859035865052057,0.995309572260366,1.9962428300437833,-2487.019494102529,-2406.5682711896006
6,10,0,0.3631609548622818,148.76727166595427,0.1318858791364843,0.2252136937247434,0.008455749465464478,0.9924480956310905,1.979355570315973,-2251.123022471305,-2165.643598126319
6,10,1,0.3368397061937728,127.9839940903017,0.11346098766870726,0.20888018979245498,0.00830694296088349,0.9947925633027563,2.020028214720308,-2420.8621385590623,-2335.3827142140763
7,1,0,0.3613772340115535,147.30947393535678,0.13059350526184085,0.2225220664112608,0.008344147029722675,0.992522098124565,1.9910115358082885,-2278.2310149299356,-2232.9772020414134
7,1,1,0.3385733618973509,129.30480732394327,0.1146319213864745,0.20945780347378073,0.008336121709415343,0.9947388218067829,2.001442581640343,-2425.2806751803582,-2380.026862291836
7,1,2,0.32436654402304455,118.68100270627977,0.10521365488145357,0.20029930581215,0.008428418396283721,0.9953959566648916,2.009371109199283,-2521.9877478929507,-2476.7339350044285
7,1,3,0.313295158203211,110.71754974123263,0.09815385615357505,0.19071051783619988,0.008267746347264005,0.9957455819427784,2.016682632322561,-2600.335111705414,-2555.081298816892
7,1,4,0.37370884314975505,157.53456177771423,0.13965829944832825,0.22157846018494892,0.010429026764739238,0.9948514298126327,1.9804572146401684,-2202.531797432141,-2157.277984543619
7,1,5,0.38815779825214475,169.95178531597864,0.15066647634395267,0.2297015942387397,0.011438148655903854,0.994853417305437,1.9955612422337332,-2116.950542353569,-2071.6967294650467
7,1,6,0.3817195975271173,164.36071208170625,0.1457098511362644,0.22783270257878993,0.011806375831401983,0.9948976886673522,2.0310289370177648,-2154.6836139177203,-2109.429801029198
7,2,0,0.36100467310830925,147.00589387880999,0.1303243740060373,0.22320567753096973,0.008375095099145368,0.9925375088229644,1.9921208462986537,-2278.5580318830307,-2228.2760175624508
7,2,1,0.33858694372017833,129.3151816203659,0.11464111845777122,0.2096506910639193,0.008342420784650858,0.994738399695469,2.001829472444556,-2423.1901778725605,-2372.9081635519806
7,2,2,0.3247673025477024,118.97444730703705,0.10547380080411076,0.20056623719078936,0.00844043810859793,0.995384572941907,2.0033660332656082,-2517.2021549023157,-2466.9201405817357
7,2,3,0.3156062230193676,112.35702087364527,0.09960728800855069,0.1922116625649901,0.00833488303143834,0.9956825838398911,1.983838291985601,-2581.75449716134,-2531.47248284076
7,2,4,0.372872778762042,156.8304751118677,0.1390341091417267,0.2220094534369098,0.010480395169030179,0.9948744408876388,2.004554138647099,-2205.5845927107507,-2155.3025783901708
7,2,5,0.3892575108603308,170.91615021061165,0.15152140976118053,0.23163532436241044,0.01156196371064617,0.994824213824763,1.997659189961633,-2108.5679736806765,-2058.2859593600965
7,2,6,0.3842224863426995,166.52316464482075,0.1476269190113659,0.23090243344581635,0.012002961615977005,0.9948305588400391,2.009998552671223,-2137.9395819996607,-2087.657567679081
7,3,0,0.35893635630760845,145.3262272879434,0.12883530787938247,0.22318387547615218,0.00837226487605295,0.9926227740921586,2.0286729151161493,-2289.520581172864,-2234.2103654202256
7,3,1,0.3404736993892897,130.76039949273442,0.1159223399758283,0.21033473509870299,0.008363057284065483,0.994679596400279,1.9791601846818896,-2408.653648812524,-2353.3434330598857
7,3,2,0.32478015860443715,118.98386680528316,0.10548215142312342,0.20125150807029066,0.008476438857327765,0.9953842075272481,2.0061532072678987,-2515.1128519160593,-2459.802636163421
7,3,3,0.31417475528195443,111.34011629410487,0.098705776856476,0.19192117306266804,0.008324787104538673,0.9957216592820028,2.0020843792721665,-2590.0101158233156,-2534.6999000706774
7,3,4,0.3745429496697322,158.23857105415837,0.14028242114730352,0.22464443602553186,0.010603150929619387,0.9948284212668799,1.992155641354576,-2193.502086560549,-2138.1918708079106
7,3,5,0.3857756398684244,167.8721683883265,0.1488228443158921,0.2314319100093051,0.011549895298280306,0.9949163935223168,2.0331214385027625,-2126.838471264898,-2071.52825551226
7,3,6,0.38865352140638887,170.38615934338944,0.15105155970158637,0.23343737096391953,0.012152665979456408,0.9947106384443507,2.000821406613116,-2110.071203292758,-2054.76098754012
7,4,0,0.36110036238372856,147.08383609300859,0.1303934717136599,0.22319082798213202,0.008379393577500446,0.9925335522259163,2.003078984296025,-2273.9601271572683,-2213.6217099725723
7,4,1,0.338370435179132,129.14985398293953,0.11449455140331519,0.20861838045220224,0.008299350507280751,0.9947451265773133,1.997822188194421,-2420.633232636359,-2360.294815451663
7,4,2,0.3249841466489879,119.13337660653671,0.10561469557317076,0.20189009711475844,0.008499241012030829,0.9953784075290318,2.0127418062488824,-2511.696347377709,-2451.357930193013
7,4,3,0.314007080619687,111.22130385424886,0.09860044667929872,0.1920283768773512,0.008325148308189185,0.9957262247532468,1.9970487258931053,-2589.2144615252755,-2528.8760443405795
7,4,4,0.3742719564885215,158.0096730827052,0.14007949741374578,0.2229468265152772,0.01052315364373336,0.9948359021476368,1.9919173091943367,-2193.1349617570036,-2132.7965445723075
7,4,5,0.3903152698900831,171.84629917776755,0.15234600990936834,0.23249787810600017,0.011613942136013975,0.9947960464914878,2.00256033936751,-2098.4458875984956,-2038.1074704137995
7,4,6,0.3872563675575685,169.16333347325957,0.14996749421388259,0.23152223888546156,0.012039080991189072,0.9947485990872318,2.0108754049257875,-2116.1958129527993,-2055.8573957681033
7,5,0,0.36110059278996365,147.08402379176084,0.13039363811326288,0.22286511405669054,0.008367938712885466,0.9925335426977251,2.000324607755875,-2271.958687678513,-2206.5920690617586
7,5,1,0.33687419970371846,128.01020740855142,0.11348422642602071,0.20834135148646601,0.00828899645668602,0.9947914967303588,2.0258799215672307,-2428.6311284587105,-2363.264509841956
7,6,0,0.3608830837299036,146.90688493807238,0.13023660012240443,0.22300191564568597,0.00837188253130004,0.9925425348346923,2.000907107946838,-2271.3179994477373,-2200.923179398925
7,6,1,0.33721042382501853,128.26586128808844,0.1137108699362486,0.20854828006191342,0.008296568317879222,0.9947810946374757,2.0153697715769154,-2424.3806048476367,-2353.9857847988246
7,7,0,0.3619708520558645,147.79382864851874,0.13102289773804826,0.22368142608312944,0.008397419334297744,0.992497510724168,1.9878925847367848,-2262.5282260945223,-2187.1052046136524
7,7,1,0.33772465904691074,128.65736233038118,0.11405794532835223,0.20864370188309067,0.008299996761615188,0.9947651651698173,2.006486495716862,-2418.9428967938966,-2343.5198753130267
7,7,2,0.32573012067979573,119.6809257923878,0.1061001115180742,0.20248169056224843,0.008522385656789165,0.995357166217261,2.0127172758389866,-2500.523821631038,-2425.100800150168
7,8,0,0.360699078227903,146.7571146388696,0.13010382503445883,0.2228766238866521,0.008368770159562337,0.9925501376559596,2.001830424767392,-2268.4685722955596,-2188.0173493826314
7,8,1,0.34263144498883824,132.42303440331713,0.11739630709513933,0.21275713134876253,0.008460904590423169,0.9946119467999597,1.9563814725850521,-2384.4014057936733,-2303.950182880745
7,8,2,0.3301159198971299,122.92551520242792,0.10897652056952824,0.20426015831377212,0.008600859005821075,0.9952312974606123,1.9424803818994438,-2468.3505495052245,-2387.8993265922963
7,9,0,0.3609100303486279,146.9288244070472,0.1302560500062474,0.2230793709081147,0.008373559329256179,0.9925414211168043,1.9993560240835988,-2265.1495534742726,-2179.6701291292866
7,9,1,0.33812729460326446,128.9643159772553,0.11433006735572288,0.20929464008891488,0.008322840865463248,0.9947526757824026,2.0052541279425364,-2412.2548941397968,-2326.7754697948108
7,10,0,0.36257279689570343,148.28578927901597,0.13145903304877296,0.22412077057234456,0.008413323334763875,0.992472537222986,1.980729057652769,-2252.7796931439484,-2162.272067366904
8,1,0,0.363469510807675,149.0201762034772,0.13211008528677048,0.22321764706231856,0.008376448274607571,0.9924352573847447,1.9657358930394666,-2263.2070492564885,-2212.9250349359086
8,1,1,0.338849761619404,129.51601355106635,0.1148191609495269,0.20987480401405065,0.008351872054290175,0.9947302282082972,1.9959920479627522,-2421.439705228469,-2371.157690907889
8,1,2,0.3251388227865759,119.2468066056696,0.10571525408304046,0.20116951596621205,0.008468549855339914,0.9953740071901436,2.003456583865615,-2514.6228600856475,-2464.3408457650676
8,1,3,0.3143329217648829,111.45224947551976,0.098805185705248,0.19096414160992042,0.00827884336258237,0.9957173504670684,2.001475709391391,-2590.874652865423,-2540.592638544843
8,1,4,0.3680840998448197,152.82810034206832,0.13548590455857146,0.2321714306085409,0.01097622220224476,0.995005247151267,1.9973645608289972,-2234.745291163734,-2184.463276843154
8,1,5,0.389499233256643,171.1284882540744,0.1517096527075128,0.23155217348756996,0.01153239176209198,0.9948177836757779,1.9863120104153766,-2107.167470255921,-2056.8854559353413
8,1,6,0.38653180384953373,168.53091031673276,0.14940683538717445,0.2299428658010311,0.011930256910696914,0.9947682316368703,1.9915719189169798,-2124.420783722531,-2074.138769401951
8,2,0,0.35988154737109146,146.09261333990216,0.129514728138211,0.22181392177822,0.00831892683107543,0.9925838698754633,2.0106450301990884,-2283.587639721993,-2228.277423969355
8,2,1,0.33822246897489167,129.0369266499639,0.11439443851947156,0.20915154741582526,0.008322718925936645,0.994749721385766,2.0035480865099164,-2423.6199759499186,-2368.3097601972804
8,2,2,0.3227342648933523,117.4895536704928,0.10415740573625241,0.20019916675260951,0.008427983122727049,0.9954421770613092,2.029587870699757,-2529.369064299875,-2474.0588485472367
8,2,3,0.3190529984985657,114.82455227984428,0.10179481585092584,0.19490790500230631,0.008453621620185347,0.9955877668014376,1.9409749605402102,-2555.2500019347526,-2499.9397861821144
8,2,4,0.3751318648732972,158.73657729686238,0.14072391604331777,0.22395874382758105,0.010567546888583421,0.9948121453458033,1.9870456420128273,-2189.957635161719,-2134.6474194090806
8,2,5,0.3900096761698345,171.57731358687985,0.15210754750609948,0.23324524244306608,0.011642178860569377,0.9948041920757461,1.996617538578037,-2102.2128936941126,-2046.9026779414746
8,2,6,0.3892658903596938,170.92350887240838,0.15152793339752513,0.23289386981085092,0.012112721405929576,0.9946939573010484,1.9928419752797963,-2106.519409564212,-2051.2091938115736
8,3,0,0.36136389198146707,147.29859681877653,0.1305838624279933,0.22379609772515294,0.008394371074164606,0.9925226502819267,2.002226074963502,-2272.314307878947,-2211.975890694251
8,3,1,0.33966650967651596,130.14112503369253,0.11537333779582672,0.21007408927459267,0.008351457217055065,0.9947047935553343,1.9920955683432435,-2412.008488366807,-2351.670071182111
8,3,2,0.3255402065224805,119.54140859872477,0.10597642606269922,0.20176397155443024,0.008495006339711961,0.9953625785679403,1.9970000397912944,-2507.839546709095,-2447.501129524399
8,3,3,0.3128152291003785,110.37859860443396,0.09785336755712233,0.19168872594529285,0.008314066999334211,0.9957586064347427,2.0140854165351434,-2597.793672016823,-2537.455254832127
8,3,4,0.3752456507953781,158.83288864127522,0.1408092984408467,0.225691209354607,0.01065358070632675,0.9948089976827702,1.991372629854754,-2187.273443440029,-2126.935026255333
8,3,5,0.38863551509966865,170.37037173717323,0.15103756359678489,0.23412078132063038,0.011704141578395298,0.9948407414184053,2.018395265826221,-2108.1757261306216,-2047.8373089459255
8,3,6,0.38867699345285434,170.40674031021257,0.15106980523955024,0.23365583533793793,0.012157184440254952,0.9947099995416657,1.997426097470034,-2107.934960251143,-2047.5965430664469
8,4,0,0.3618644679000214,147.70696744902202,0.13094589312856542,0.22378555751209678,0.008397746174438527,0.9925019200775467,1.9946090045580978,-2267.1913676978484,-2201.8247490810945
8,4,1,0.33858850280757363,129.31637253535902,0.1146421742334744,0.20940639201795838,0.008328133814723021,0.9947383512392969,2.0007480753730875,-2417.179789719292,-2351.813171102538
8,5,0,0.36125878752351903,147.21292424302234,0.13050791156296296,0.2237855132247552,0.008397883245295688,0.9925269992969479,2.0008041896415363,-2268.9705719723056,-2198.5757519234935
8,5,1,0.33867023142565045,129.3788089376033,0.11469752565390362,0.20919684135350539,0.008323320038482707,0.9947358108152806,2.001818887982292,-2414.635301316393,-2344.240481267581
8,6,0,0.36136359724382006,147.29835653785702,0.1305836494129937,0.22328741187651943,0.008378674185094921,0.9925226624793576,1.9961606986647131,-2266.3161479310875,-2190.8931264502176
8,6,1,0.33843025244685554,129.1955203499614,0.11453503577124231,0.20876671157157126,0.008303589689131372,0.9947432684956278,2.002453347573046,-2414.234451255658,-2338.811429774788
8,7,0,0.36073068985938295,146.7828393240489,0.13012663060642624,0.22286684989515218,0.00836567381008925,0.9925488317883435,2.003293718122907,-2268.2708653424534,-2187.819642429525
8,7,1,0.3384476854521154,129.20883076874446,0.114546835787894,0.20900510520843102,0.008313765615890934,0.9947427269188179,2.0005344632847573,-2412.118244602514,-2331.667021689586
8,7,2,0.3256539295442688,119.6249435015594,0.10605048182762371,0.20306194591774548,0.008545077591562679,0.9953593379624189,2.0093673538042904,-2499.0515815676617,-2418.6003586547336
8,7,3,0.31872315845898147,114.58726156054183,0.10158445173806895,0.19370180890062577,0.008397971769543221,0.9955968849035214,1.943045072538746,-2547.583482694506,-2467.132259781578
8,7,4,0.37746639337873106,160.71843053103137,0.1424808781303471,0.22767503684276716,0.010754378272352521,0.9947473740958501,1.9932058557909615,-2165.96155387156,-2085.510330958632
8,7,5,0.3981433513555508,178.80844864189416,0.15851812822862935,0.24003761128523002,0.012006835396629579,0.994585214472969,1.9653925329540796,-2045.647767293683,-1965.1965443807549
8,7,6,0.38959411985502834,171.2118762384928,0.1517835782256143,0.23484382067429946,0.012213784362828441,0.9946850054045684,2.000346354454403,-2094.617949030612,-2014.166726117684
8,8,0,0.36112605759491484,147.1047692467236,0.1304120294740455,0.2234586289228856,0.008388912738479387,0.992532489591822,1.999933419853301,-2263.7996002231744,-2178.3201758781884
8,8,1,0.3382164964242982,129.03236945557882,0.11439039845352734,0.2102669578894277,0.008375061972498175,0.9947499068097437,2.006241296159383,-2411.6598142053363,-2326.1803898603503
9,1,0,0.3613495870104393,147.28693510878975,0.13057352403261496,0.22263095667771307,0.008350261642853808,0.9925232422677688,1.994298779130281,-2274.4036157874916,-2219.0934000348534
9,1,1,0.3398287642486871,130.2654884041708,0.11548358901078976,0.2105916859379883,0.008376374749641575,0.994699733435248,1.987778022423526,-2412.9310818392805,-2357.6208660866423
9,1,2,0.32543792940995886,119.46630617366745,0.1059098458986414,0.20170512016282596,0.00849189127388726,0.9953654920487136,2.0000321406126904,-2510.5484404645404,-2455.238224711902
9,1,3,0.3145871198530183,111.6325831425267,0.0989650559774174,0.19100594971109122,0.008278852624798971,0.995710420989212,1.999338460606733,-2587.05098409956,-2531.740768346922
9,1,4,0.37460206761015696,158.2885278172036,0.1403267090578047,0.22391094231393335,0.010557180197521913,0.9948267885718193,1.9745721164529884,-2193.1460271306673,-2137.835811378029
9,1,5,0.3840780747666836,166.39801135859193,0.14751596751648216,0.22940741596978811,0.011429483753947235,0.9949610348365825,2.043238169227024,-2136.7876681154858,-2081.4774523628475
9,1,6,0.38133041028749026,164.02573068170898,0.14541288181002573,0.2276417165652919,0.011813421967730433,0.994908087620799,2.044827822599685,-2152.984921773672,-2097.6747060210337
9,2,0,0.3621467942300302,147.93753904418708,0.13115030057108773,0.2224939777535411,0.008350644142725936,0.9924902155230613,1.979354692903988,-2267.4319248104275,-2207.0935076257315
9,2,1,0.339611247741526,130.09878194040337,0.11533579959255613,0.21002757332597127,0.008357689778999526,0.9947065164190364,1.9864156152022605,-2412.37555743171,-2352.037140247014
9,2,2,0.3263408481359842,120.13013785486405,0.10649834916211347,0.2031343993447306,0.00855507411777845,0.9953397397399383,1.992292374736614,-2502.2978965096086,-2441.9594793249125
9,2,3,0.3134498305433799,110.8268981899358,0.09825079626767351,0.19088264211618491,0.008277083699997478,0.9957413801336182,2.0121544246102245,-2593.2216100013084,-2532.8831928166123
9,3,0,0.36266591506323126,148.36196639007818,0.13152656594865092,0.22634449003094514,0.008492353000876349,0.9924686702282405,1.994061389937565,-2262.2003677890457,-2196.8337491722914
9,3,1,0.3369737043442741,128.08584092919853,0.11355127741950234,0.20884908080948233,0.008308629109317905,0.9947884193395198,2.0175157859546426,-2427.9648580158487,-2362.5982393990944
9,3,2,0.32739444767170284,120.90707628514055,0.10718712436625938,0.20280977868798755,0.008539155756247623,0.9953095996322535,1.9761679211438827,-2493.0260767813324,-2427.6594581645786
9,4,0,0.36360637634407844,149.13242532358476,0.13220959691807155,0.22576781483304953,0.008472070469805859,0.9924295592590007,1.9808514601389973,-2254.3577055793576,-2183.9628855305455
9,4,1,0.33918887676893483,129.77537817161445,0.11504909412377155,0.21042802983840256,0.008369707976630478,0.9947196751320894,2.0049385931000723,-2411.183067338483,-2340.788247289671
9,5,0,0.361356016195211,147.29217625685425,0.13057817044047348,0.2266525525169319,0.008503894316788866,0.9925229762102649,2.0116507020392476,-2266.3634770621766,-2190.9404555813067
9,5,1,0.33965700258193937,130.13383996652487,0.11536687940294761,0.2101597503489185,0.008360221025704734,0.9947050899715102,1.9922961827522387,-2406.071633554568,-2330.648612073698
9,6,0,0.36270162289301855,148.39118305713077,0.13155246724922937,0.22642678077723052,0.008497361565966616,0.9924671870964126,2.0033503960485968,-2255.9782545572025,-2175.5270316442743
9,6,1,0.3416131530632917,131.63708827811197,0.11669954634584413,0.21339928185060258,0.008494172437138334,0.9946439255229519,1.9932099420766054,-2391.1161633131933,-2310.664940400265
9,7,0,0.36214121109720526,147.93297764214427,0.13114625677495068,0.22474543461783114,0.008433368561151212,0.9924904470744745,1.9970397076851314,-2257.466705305369,-2171.987280960383
9,8,0,0.36227397963743174,148.04146817160213,0.1312424363223423,0.2243375732066712,0.008419004137031597,0.9924849397468599,1.990771481125962,-2254.639760111686,-2164.1321343346417
10,1,0,0.3615991147094688,147.49042148778156,0.1307539197586715,0.22254428319831887,0.008347619789539172,0.992512912645821,1.995216955859658,-2270.84628672659,-2210.507869541894
10,1,1,0.3386760986615851,129.38329177962459,0.11470149980463172,0.20986746247394072,0.008346507747029197,0.9947356284165657,2.0001283075468046,-2418.596217959236,-2358.25780077454
10,1,2,0.3252169071211204,119.30408937213815,0.1057660366774273,0.2014812203858135,0.008486562109527312,0.9953717849950731,2.0052103373375822,-2510.0811311472307,-2449.7427139625347
10,1,3,0.3125517395387741,110.19272939446903,0.09768858988871376,0.19048664732557263,0.008261662827718452,0.9957657486206473,2.031102928847832,-2599.694739760929,-2539.356322576233
10,1,4,0.3805331747786082,163.34060073679387,0.14480549710708676,0.23101607221351886,0.010916472478360202,0.9946616759024173,1.9772047751696442,-2155.706407351344,-2095.367990166648
10,1,5,0.39015532498667904,171.70548835024016,0.15222117761546114,0.23486482570974493,0.011731680196689407,0.9948003106100836,2.0238922265933117,-2099.3705494871033,-2039.0321323024073
10,1,6,0.3887916409271981,170.50728438188582,0.1511589400548633,0.2328493452038311,0.01209763594038488,0.9947068783142761,1.9968336452326485,-2107.269609412391,-2046.9311922276952
10,2,0,0.3615880366398472,147.48138449591508,0.13074590824105964,0.2230136050172971,0.008367097193674091,0.9925133713925439,1.9943102806471829,-2268.9154033446625,-2203.5487847279082
10,2,1,0.33950405579274723,130.0166683988896,0.11526300389972485,0.2106272664782015,0.008377193629910148,0.9947098574701768,1.995140293874774,-2411.0877341039027,-2345.7211154871484
10,2,2,0.32526851561132647,119.3419569757392,0.10579960724799577,0.20178575202076335,0.008499932813987263,0.9953703159807911,2.0050251050292967,-2507.723156163992,-2442.356537547238
10,2,3,0.31303962390709594,110.53701332129077,0.09799380613589613,0.19148903776388315,0.008307620344313382,0.9957525192115924,2.0186397615707037,-2594.175933644373,-2528.809315027619
10,3,0,0.36431538310135797,149.71458775491826,0.13272569836428935,0.22755762509066305,0.00854204629491243,0.99240000682479,1.9808410735536284,-2249.962948232177,-2179.568128183365
10,4,0,0.3628059412348644,148.4765543227163,0.13162815099531577,0.22422631215775335,0.008414024919713246,0.992462853376863,1.979469942881596,-2257.329488941343,-2181.906467460473
10,4,1,0.3393054117195488,129.8645672122106,0.11512816242217253,0.21002446312077022,0.008357249289355493,0.9947160461917184,1.9903346996435451,-2408.408107679629,-2332.9850861987593
10,5,0,0.36115225311336707,147.12611151975585,0.13043094992886184,0.22438788981909416,0.008419456292147694,0.9925314061895175,2.005475277496036,-2265.6359594526302,-2185.184736539702
10,5,1,0.3383802316112767,129.15733233189982,0.11450118114530121,0.20938052400152943,0.00833021367745562,0.9947448222968516,2.010206239009089,-2412.5679183278426,-2332.1166954149144
10,6,0,0.3629709624854462,148.6116533173854,0.1317479196076112,0.22639392213986675,0.008495591593956475,0.9924559953181203,1.9972941399934518,-2252.3035870538074,-2166.8241627088214
10,6,1,0.3402363261935495,130.5781346423789,0.1157607576616833,0.21202370384396557,0.008441084384391428,0.9946870124266118,1.9956589891830776,-2398.2270469737687,-2312.7476226287827
10,7,0,0.3620968115356782,147.8967058426154,0.13111410092430417,0.2259620254800932,0.008475606906586757,0.9924922883474795,2.015890892712562,-2255.7433143974117,-2165.2356886203675
10,8,0,0.36112516432204145,147.104041497869,0.1304113843066216,0.22313899544755816,0.008371384004615448,0.9925325265346905,1.9974305038991902,-2259.8051806183053,-2164.269353409203
