Date,Open,High,Low,Close,Volume
2016-02-11,29.33,29.51,29.030001,29.27,4805000
2016-02-12,29.52,29.950001,29.41,29.9,3116500
2016-02-16,29.950001,30.42,29.9,30.26,4037900
2016-02-17,31.0,31.32,30.9,31.09,4313800
2016-02-18,31.09,31.15,30.92,30.959999,3522800
2016-02-19,30.469999,30.74,30.309999,30.57,2690900
2016-02-22,30.450001,30.690001,30.440001,30.65,3173800
2016-02-23,30.309999,30.41,29.98,30.030001,2931200
2016-02-24,29.690001,29.99,29.450001,29.889999,5248900
2016-02-25,30.35,30.790001,30.08,30.68,3390400
2016-02-26,30.440001,30.540001,30.299999,30.4,2360600
2016-02-29,30.27,30.74,30.25,30.4,2404600
2016-03-01,30.889999,31.35,30.799999,31.35,2368700
2016-03-02,31.07,31.370001,30.940001,31.35,2163200
2016-03-03,31.34,31.57,31.200001,31.51,2100100
2016-03-04,31.67,31.74,31.43,31.57,2131000
2016-03-07,30.799999,31.299999,30.690001,31.129999,2477100
2016-03-08,31.08,31.18,30.860001,30.969999,1929600
2016-03-09,30.9,31.01,30.68,30.75,2410500
2016-03-10,30.809999,31.040001,30.299999,30.57,2494100
2016-03-11,31.07,31.49,31.040001,31.48,2462700
2016-03-14,31.58,31.690001,31.51,31.559999,3591600
2016-03-15,31.360001,31.379999,31.190001,31.280001,3420900
2016-03-16,31.120001,31.57,31.07,31.530001,2334200
2016-03-17,31.73,32.029999,31.52,31.950001,2474300
2016-03-18,32.02,32.029999,31.530001,31.559999,2490500
2016-03-21,31.24,31.59,31.219999,31.440001,2877300
2016-03-22,30.889999,31.309999,30.879999,31.24,2934100
2016-03-23,31.299999,31.35,31.209999,31.26,1953100
2016-03-24,31.0,31.32,30.940001,31.299999,1832000
2016-03-28,31.559999,31.57,31.25,31.440001,1380400
2016-03-29,31.27,31.879999,31.129999,31.780001,3174300
2016-03-30,32.200001,32.41,32.09,32.099998,3218200
2016-03-31,32.040001000000004,32.209999,31.92,32.049999,2795200
2016-04-01,31.32,31.83,31.23,31.73,3741100
2016-04-04,31.639999,31.85,31.52,31.74,4168600
2016-04-05,31.190001,31.27,30.51,30.66,5177300
2016-04-06,30.889999,31.370001,30.82,31.34,3117000
2016-04-07,31.389999,31.700001,31.32,31.68,7020300
2016-04-08,32.080002,32.52,32.07,32.220001,5304500
2016-04-11,32.5,32.549999,32.189999,32.200001,3698000
2016-04-12,32.380001,32.709999,32.16,32.639999,2476300
2016-04-13,32.5,32.59,32.330002,32.459999,2195500
2016-04-14,32.189999,32.439999,32.119999,32.349998,1977700
2016-04-15,32.619999,32.939999,32.580002,32.830002,2671600
2016-04-18,32.509998,32.900002,32.509998,32.900002,2997600
2016-04-19,33.529999,33.860001000000004,33.400002,33.82,3416900
2016-04-20,33.639999,33.849998,33.610001000000004,33.66,3477200
2016-04-21,33.73,33.73,33.279999,33.419998,3059800
2016-04-22,32.959999,33.310001,32.919998,33.310001,3521200
2016-04-25,33.060001,33.41,32.939999,33.380001,2111600
2016-04-26,33.360001000000004,33.529999,33.240002000000004,33.400002,2736200
2016-04-27,33.049999,33.369999,32.900002,33.27,3661700
2016-04-28,32.880001,33.25,32.849998,32.98,5205300
2016-04-29,32.610001000000004,32.830002,32.529999,32.740002000000004,4655100
2016-05-02,32.77,33.02,32.77,33.009998,2527700
2016-05-03,32.950001,32.98,32.529999,32.650002,2459100
2016-05-04,32.040001000000004,32.209999,31.93,32.130001,4494100
2016-05-05,32.099998,32.450001,32.02,32.25,3299900
2016-05-06,31.959999,32.25,31.790001,32.240002000000004,1895900
2016-05-09,32.209999,32.23,31.940001,32.080002,1916600
2016-05-10,32.189999,32.639999,32.150002,32.599998,1762000
2016-05-11,32.630001,32.790001000000004,32.490002000000004,32.52,2433500
2016-05-12,33.029999,33.099998,32.669998,32.84,2639800
2016-05-13,32.450001,32.759998,32.450001,32.529999,2977300
2016-05-16,32.48,32.779999,32.48,32.740002000000004,3091000
2016-05-17,33.459999,33.77,33.23,33.580002,7990500
2016-05-18,33.91,34.459999,33.830002,34.130001,7438800
2016-05-19,33.799999,33.830002,33.32,33.630001,3641500
2016-05-20,33.700001,33.919998,33.650002,33.669998,3848200
2016-05-23,33.240002000000004,33.32,33.09,33.130001,3379100
2016-05-24,33.439999,33.77,33.419998,33.75,2371100
2016-05-25,34.060001,34.310001,34.02,34.189999,3021900
2016-05-26,34.349998,34.68,34.279999,34.490002000000004,3395900
2016-05-27,34.330002,34.700001,34.310001,34.689999,3643300
2016-05-31,34.490002000000004,34.560001,33.860001000000004,33.990002000000004,3302300
2016-06-01,33.32,33.73,33.299999,33.700001,2847700
2016-06-02,33.549999,33.810001,33.509998,33.790001000000004,3152200
2016-06-03,33.709999,33.830002,33.450001,33.82,2065900
2016-06-06,33.779999,34.119999,33.77,34.02,3257100
2016-06-07,34.029999,34.259998,34.02,34.18,3062200
2016-06-08,32.950001,33.060001,32.849998,32.950001,3084500
2016-06-09,32.52,32.599998,32.130001,32.209999,4424800
2016-06-10,31.200001,31.370001,31.0,31.17,6302800
2016-06-13,30.51,30.76,30.5,30.639999,8068600
2016-06-14,30.360001,30.469999,29.98,30.32,8483800
2016-06-15,30.540001,30.73,30.280001,30.360001,4878600
2016-06-16,29.92,30.51,29.610001,30.48,6833200
2016-06-17,30.709999,30.940001,30.459999,30.91,5941500
2016-06-20,32.25,32.34,31.83,31.870001,6782900
2016-06-21,31.76,32.07,31.620001,31.84,4487700
2016-06-22,32.060001,32.459999,32.0,32.02,5006700
2016-06-23,32.66,32.68,32.139999,32.470001,6181400
2016-06-24,29.77,30.780001,29.75,30.17,16825900
2016-06-27,28.610001,28.799999,27.92,28.309999,18409100
2016-06-28,29.75,29.75,29.299999,29.66,10138100
2016-06-29,30.34,30.5,30.049999,30.120001,8958300
2016-06-30,30.120001,30.889999,30.040001,30.889999,6282600
2016-07-01,30.76,30.93,30.690001,30.85,3343500
2016-07-05,30.139999,30.42,30.120001,30.23,4424300
2016-07-06,29.42,29.790001,29.18,29.77,5892100
2016-07-07,30.01,30.030001,29.48,29.610001,3904100
2016-07-08,30.1,30.110001,29.92,29.969999,3638900
2016-07-11,30.129999,30.59,30.08,30.459999,5453000
2016-07-12,30.379999,31.0,30.25,30.9,10454800
2016-07-13,30.639999,31.0,30.6,30.6,5856300
2016-07-14,30.870001,30.9,30.559999,30.709999,4644300
2016-07-15,30.58,30.709999,30.450001,30.65,4187400
2016-07-18,30.42,30.59,30.25,30.49,5260400
2016-07-19,30.110001,30.209999,29.870001,29.959999,5673600
2016-07-20,30.08,30.24,29.969999,30.17,2939200
2016-07-21,29.959999,30.309999,29.91,30.110001,3594400
2016-07-22,31.27,31.459999,31.23,31.34,7019200
2016-07-25,31.200001,31.43,31.139999,31.33,3759500
2016-07-26,31.18,31.299999,30.889999,31.049999,2788600
2016-07-27,31.200001,31.280001,30.83,31.120001,3041000
2016-07-28,30.860001,30.879999,30.629999,30.790001,3947900
2016-07-29,30.67,31.040001,30.530001,30.9,2658300
2016-08-01,30.719999,31.030001,30.68,30.75,2569400
2016-08-02,30.709999,30.809999,30.559999,30.780001,3728000
2016-08-03,30.67,31.209999,30.66,31.190001,6297000
2016-08-04,30.950001,31.120001,30.799999,31.049999,4533000
2016-08-05,30.950001,31.18,30.889999,31.120001,3295000
2016-08-08,30.700001,31.02,30.690001,30.92,4888100
2016-08-09,30.620001,30.950001,30.59,30.870001,3542600
2016-08-10,30.76,30.85,30.639999,30.76,3340000
2016-08-11,30.9,31.33,30.84,31.23,3392800
2016-08-12,31.379999,31.469999,31.190001,31.209999,2034000
2016-08-15,31.219999,31.43,31.190001,31.34,4249400
2016-08-16,31.200001,31.370001,31.139999,31.209999,3663000
2016-08-17,31.42,31.43,31.09,31.35,2259000
2016-08-18,31.370001,31.690001,31.33,31.68,2824100
2016-08-19,31.26,31.370001,31.08,31.309999,3386300
2016-08-22,31.190001,31.34,31.110001,31.309999,3052000
2016-08-23,31.610001,31.67,31.360001,31.389999,2461800
2016-08-24,31.41,31.48,31.32,31.379999,3086300
2016-08-25,31.33,31.34,31.07,31.1,2203500
2016-08-26,31.190001,31.49,30.85,30.99,3465200
2016-08-29,30.950001,31.120001,30.92,31.040001,1351800
2016-08-30,30.84,30.92,30.540001,30.629999,3981300
2016-08-31,30.84,30.879999,30.559999,30.65,3260600
2016-09-01,30.41,30.440001,30.08,30.190001,3630400
2016-09-02,30.68,30.959999,30.559999,30.9,3845900
2016-09-06,30.549999,30.709999,30.49,30.68,3043700
2016-09-07,30.530001,30.59,30.15,30.23,4263700
2016-09-08,30.049999,30.26,30.01,30.190001,4732900
2016-09-09,30.049999,30.049999,29.620001,29.67,5900800
2016-09-12,29.84,30.51,29.77,30.459999,10641500
2016-09-13,30.0,30.0,29.459999,29.66,7463200
2016-09-14,29.309999,29.610001,29.24,29.450001,6996300
2016-09-15,29.4,29.690001,29.33,29.57,6103200
2016-09-16,29.16,29.190001,28.84,28.99,9224300
2016-09-19,29.459999,29.48,29.17,29.200001,3744200
2016-09-20,29.5,29.51,29.27,29.41,5723200
2016-09-21,29.57,29.9,29.459999,29.870001,5301100
2016-09-22,29.879999,29.93,29.57,29.629999,4759000
2016-09-23,29.110001,29.190001,29.049999,29.15,6594100
2016-09-26,28.950001,29.129999,28.83,29.07,5427500
2016-09-27,28.92,29.33,28.85,29.27,4164900
2016-09-28,29.450001,29.57,29.299999,29.49,4487600
2016-09-29,29.549999,29.559999,29.02,29.120001,4986200
2016-09-30,29.32,29.35,29.09,29.15,4732100
2016-10-03,29.129999,29.33,29.049999,29.190001,4643000
2016-10-04,29.540001,29.68,29.219999,29.299999,5303800
2016-10-05,29.16,29.209999,28.99,29.1,3865500
2016-10-06,28.559999,28.709999,28.469999,28.549999,5822400
2016-10-07,28.280001,28.35,28.120001,28.209999,6465400
2016-10-10,28.26,28.440001,28.209999,28.26,5626400
2016-10-11,28.34,28.360001,27.799999,27.85,6404300
2016-10-12,27.93,27.959999,27.66,27.870001,5755000
2016-10-13,27.629999,27.91,27.549999,27.870001,8620100
2016-10-14,27.99,28.07,27.799999,27.799999,4220100
2016-10-17,27.709999,27.860001,27.66,27.809999,4623600
2016-10-18,28.280001,28.360001,28.129999,28.15,4879800
2016-10-19,27.860001,27.959999,27.76,27.76,4196600
2016-10-20,27.719999,27.9,27.690001,27.82,3737700
2016-10-21,27.620001,27.809999,27.58,27.77,3569900
2016-10-24,27.709999,27.76,27.629999,27.67,4054600
2016-10-25,27.99,28.049999,27.790001,27.91,4641300
2016-10-26,27.790001,28.110001,27.780001,27.959999,5038700
2016-10-27,28.059999,28.08,27.85,27.85,3910400
2016-10-28,28.01,28.129999,27.93,27.98,4901400
2016-10-31,27.74,27.940001,27.690001,27.84,2600000
2016-11-01,27.709999,27.74,27.4,27.49,5093700
2016-11-02,27.65,27.65,27.27,27.280001,4291600
2016-11-03,27.559999,27.66,27.32,27.35,4794200
2016-11-04,27.280001,27.370001,27.110001,27.120001,6969500
2016-11-07,27.120001,27.26,27.0,27.18,6533300
2016-11-08,27.1,27.35,27.030001,27.280001,3660600
2016-11-09,26.940001,27.5,26.860001,27.379999,8459000
2016-11-10,26.799999,26.85,26.309999,26.48,12993300
2016-11-11,26.42,26.469999,26.049999,26.190001,5846200
2016-11-14,26.07,26.08,25.76,25.879999,6364800
2016-11-15,25.65,25.700001,25.370001,25.629999,8690200
2016-11-16,25.540001,25.889999,25.540001,25.73,9871100
2016-11-17,25.969999,26.1,25.92,26.049999,7239600
2016-11-18,25.719999,25.809999,25.59,25.690001,4902700
2016-11-21,25.67,25.790001,25.469999,25.51,6265900
2016-11-22,25.09,25.219999,25.01,25.18,5852700
2016-11-23,24.66,24.950001,24.58,24.879999,8517400
2016-11-25,25.110001,25.200001,25.059999,25.190001,2991700
2016-11-28,24.74,24.780001,24.51,24.530001,8432400
2016-11-29,24.59,24.68,24.469999,24.49,6721700
2016-11-30,24.860001,24.9,24.440001,24.440001,8209000
2016-12-01,24.58,24.6,24.17,24.299999,8672700
2016-12-02,24.370001,24.629999,24.33,24.440001,7637600
2016-12-05,24.75,24.76,24.299999,24.33,9630500
2016-12-06,24.5,24.610001,24.34,24.5,5550600
2016-12-07,24.719999,24.98,24.629999,24.969999,6306900
2016-12-08,24.92,25.1,24.870001,25.030001,5143800
2016-12-09,25.08,25.23,24.940001,25.200001,5329500
2016-12-12,25.139999,25.309999,24.99,25.030001,6527600
2016-12-13,25.379999,25.620001,25.309999,25.450001,6850900
2016-12-14,25.49,25.49,25.040001,25.120001,6126600
2016-12-15,24.950001,24.98,24.66,24.68,5820500
2016-12-16,25.030001,25.26,24.9,25.24,9570300
2016-12-19,25.219999,25.280001,25.1,25.129999,5107100
2016-12-20,25.040001,25.040001,24.84,24.889999,4835900
2016-12-21,24.91,24.969999,24.74,24.790001,5472200
2016-12-22,24.790001,24.809999,24.66,24.719999,5072700
2016-12-23,24.73,24.77,24.58,24.65,3642900
2016-12-27,24.68,24.700001,24.5,24.540001,4805500
2016-12-28,24.48,24.530001,24.33,24.389999,8334500
2016-12-29,24.639999,24.66,24.440001,24.530001,8653100
2016-12-30,24.6,24.620001,24.360001,24.43,6356100
2017-01-03,24.84,25.030001,24.74,24.959999,7692800
2017-01-04,25.24,25.559999,25.219999,25.530001,6592100
2017-01-05,25.879999,26.34,25.870001,26.299999,8265100
2017-01-06,26.190001,26.33,26.120001,26.23,6614900
2017-01-09,25.68,25.690001,25.51,25.58,6261200
2017-01-10,26.139999,26.17,25.91,26.030001,7575200
2017-01-11,26.16,26.549999,26.09,26.52,9948900
2017-01-12,26.4,26.719999,26.34,26.65,7883400
2017-01-13,26.469999,26.620001,26.42,26.530001,5874000
2017-01-17,25.950001,26.27,25.950001,26.24,10131600
2017-01-18,26.02,26.1,25.940001,25.969999,6165800
2017-01-19,25.809999,25.92,25.74,25.84,5800200
2017-01-20,25.799999,25.85,25.719999,25.790001,4225600
2017-01-23,25.83,25.99,25.67,25.93,4155900
2017-01-24,25.280001,25.49,25.139999,25.450001,7940400
2017-01-25,24.799999,24.82,24.549999,24.799999,12631900
2017-01-26,24.65,24.709999,24.530001,24.639999,9071500
2017-01-27,24.57,24.690001,24.52,24.58,4627200
2017-01-30,24.950001,25.02,24.790001,24.9,6400600
2017-01-31,24.76,24.950001,24.75,24.9,5196800
2017-02-01,24.99,25.0,24.67,24.799999,4834100
2017-02-02,24.6,24.76,24.57,24.690001,6006500
2017-02-03,24.620001,24.75,24.58,24.629999,4171200
2017-02-06,24.370001,24.459999,24.32,24.42,5074000
2017-02-07,24.4,24.5,24.309999,24.450001,4981400
2017-02-08,24.860001,24.969999,24.77,24.870001,6124900
2017-02-09,25.34,25.360001,25.200001,25.290001,6739800
2017-02-10,25.030001,25.15,24.969999,25.0,4150700
2017-02-13,25.07,25.09,24.83,24.99,3041100
2017-02-14,24.889999,24.950001,24.780001,24.879999,3087500
2017-02-15,24.73,25.049999,24.68,25.030001,4351600
2017-02-16,25.17,25.280001,25.129999,25.219999,4094900
2017-02-17,24.889999,25.129999,24.799999,25.110001,4415000
2017-02-21,25.43,25.52,25.32,25.5,4930400
2017-02-22,25.559999,25.59,25.41,25.5,3922700
2017-02-23,25.65,25.799999,25.57,25.77,4358600
2017-02-24,25.709999,25.860001,25.65,25.73,4244700
2017-02-27,25.34,25.49,25.32,25.41,3539200
2017-02-28,25.559999,25.639999,25.370001,25.41,3395500
2017-03-01,25.23,25.42,25.190001,25.299999,3436200
2017-03-02,25.200001,25.35,25.17,25.24,3302400
2017-03-03,25.200001,25.299999,25.08,25.27,4190400
2017-03-06,25.190001,25.190001,25.09,25.129999,2859000
2017-03-07,25.02,25.129999,24.969999,25.040001,2693200
2017-03-08,25.200001,25.219999,25.02,25.059999,4647300
2017-03-09,25.190001,25.219999,25.059999,25.190001,5033400
2017-03-10,25.120001,25.309999,25.110001,25.27,3908300
2017-03-13,25.290001,25.34,25.190001,25.309999,4284900
2017-03-14,25.25,25.299999,25.17,25.200001,3310700
2017-03-15,25.280001,26.059999,25.24,25.879999,12233400
2017-03-16,26.09,26.389999,26.08,26.379999,7451200
2017-03-17,26.43,26.6,26.32,26.549999,5186100
2017-03-20,26.57,26.67,26.370001,26.48,4399800
2017-03-21,26.74,26.77,26.49,26.52,5146000
2017-03-22,26.32,26.559999,26.16,26.530001,7324500
2017-03-23,26.52,26.940001,26.5,26.780001,6730200
2017-03-24,26.82,26.98,26.73,26.879999,5617400
2017-03-27,26.85,26.98,26.790001,26.91,3907400
2017-03-28,26.709999,26.799999,26.620001,26.639999,3731300
2017-03-29,26.51,26.690001,26.49,26.639999,3251200
2017-03-30,26.4,26.52,26.32,26.450001,3638100
2017-03-31,26.42,26.59,26.379999,26.43,3859000
2017-04-03,26.4,26.440001,26.139999,26.280001,3103900
2017-04-04,26.139999,26.24,26.049999,26.15,3077700
2017-04-05,26.24,26.27,26.059999,26.08,3148200
2017-04-06,25.879999,25.940001,25.780001,25.809999,3399800
2017-04-07,25.59,25.67,25.540001,25.59,4153000
2017-04-10,25.75,25.82,25.68,25.73,3296900
2017-04-11,25.879999,25.91,25.629999,25.84,3213200
2017-04-12,25.91,26.030001,25.83,26.01,4351500
2017-04-13,25.9,25.99,25.799999,25.799999,2975100
2017-04-17,25.950001,26.02,25.870001,25.99,2820300
2017-04-18,26.040001,26.059999,25.83,26.049999,2548600
2017-04-19,26.09,26.15,25.860001,25.9,3111800
2017-04-20,25.91,26.030001,25.879999,25.93,2141300
2017-04-21,25.940001,25.959999,25.790001,25.83,2656000
2017-04-24,26.219999,26.35,26.200001,26.34,3810200
2017-04-25,26.459999,26.469999,26.309999,26.33,5025800
2017-04-26,26.4,26.57,26.379999,26.48,3957600
2017-04-27,26.52,26.58,26.440001,26.469999,3275600
2017-04-28,26.0,26.219999,25.9,26.190001,3915500
2017-05-01,26.24,26.25,26.129999,26.209999,2580000
2017-05-02,26.41,26.549999,26.370001,26.5,3610400
2017-05-03,26.690001,26.73,26.49,26.540001,3483800
2017-05-04,26.58,26.77,26.450001,26.75,3008400
2017-05-05,26.98,27.02,26.870001,27.01,4542500
2017-05-08,27.23,27.23,26.879999,26.959999,2520900
2017-05-09,26.870001,26.959999,26.719999,26.950001,4631400
2017-05-10,27.08,27.27,27.02,27.129999,4290100
2017-05-11,26.940001,27.040001,26.870001,26.940001,3743000
2017-05-12,27.5,27.65,27.389999,27.58,5331600
2017-05-15,27.469999,27.67,27.42,27.58,2741300
2017-05-16,28.780001,28.91,28.559999,28.690001,6734300
2017-05-17,28.98,29.190001,28.83,28.84,7213200
2017-05-18,28.98,29.1,28.85,29.01,5801800
2017-05-19,29.129999,29.209999,29.040001,29.18,4601800
2017-05-22,29.57,29.799999,29.549999,29.620001,5995100
2017-05-23,29.620001,29.66,29.48,29.5,3406000
2017-05-24,29.6,29.67,29.52,29.629999,3391500
2017-05-25,29.92,29.98,29.83,29.91,5698500
2017-05-26,29.709999,29.99,29.700001,29.98,7251400
2017-05-30,29.799999,29.959999,29.76,29.860001,8576700
2017-05-31,30.24,30.389999,30.02,30.26,8448300
2017-06-01,30.35,30.370001,29.940001,30.08,4280600
2017-06-02,29.98,30.190001,29.889999,30.190001,3667100
2017-06-05,30.08,30.25,30.059999,30.18,2577300
2017-06-06,29.93,30.219999,29.91,30.129999,3896500
2017-06-07,29.16,29.219999,28.889999,29.02,3850100
2017-06-08,28.82,28.84,28.620001,28.68,3714700
2017-06-09,28.540001,28.67,28.360001,28.459999,4271700
2017-06-12,28.84,28.969999,28.790001,28.889999,4762300
2017-06-13,29.059999,29.059999,28.879999,28.99,2391200
2017-06-14,29.1,29.16,28.780001,28.860001,3139800
2017-06-15,28.540001,28.709999,28.51,28.629999,4272000
2017-06-16,28.77,28.93,28.66,28.889999,4921000
2017-06-19,28.889999,28.940001,28.799999,28.860001,2755200
2017-06-20,28.879999,28.9,28.450001,28.52,3447800
2017-06-21,28.6,28.690001,28.530001,28.549999,2950400
2017-06-22,28.77,28.809999,28.67,28.75,2591500
2017-06-23,28.83,28.969999,28.790001,28.85,1923800
2017-06-26,29.059999,29.120001,28.77,28.790001,3535400
2017-06-27,28.629999,28.780001,28.59,28.65,3569300
2017-06-28,28.780001,28.950001,28.74,28.889999,4014600
2017-06-29,28.93,28.950001,28.629999,28.719999,3659800
2017-06-30,28.82,28.83,28.559999,28.73,2861400
2017-07-03,28.6,28.76,28.6,28.68,1886100
2017-07-05,28.57,28.700001,28.52,28.6,3047300
2017-07-06,28.66,28.67,28.52,28.57,2077300
2017-07-07,28.549999,28.709999,28.48,28.68,2128300
2017-07-10,28.6,28.799999,28.57,28.719999,1675500
2017-07-11,28.469999,28.51,28.309999,28.370001,3186200
2017-07-12,28.709999,28.98,28.690001,28.9,3601200
2017-07-13,29.120001,29.15,28.879999,29.059999,2342200
2017-07-14,29.01,29.129999,28.969999,29.1,2255900
2017-07-17,29.16,29.34,29.16,29.209999,1846900
2017-07-18,29.049999,29.16,28.950001,29.139999,1933800
2017-07-19,29.389999,29.4,29.27,29.33,2332800
2017-07-20,29.549999,29.639999,29.42,29.559999,3034600
2017-07-21,29.940001,29.959999,29.639999,29.77,3616500
2017-07-24,29.309999,29.360001,29.15,29.299999,2872200
2017-07-25,29.33,29.370001,29.08,29.1,1802100
2017-07-26,29.110001,29.219999,29.059999,29.17,2584500
2017-07-27,29.73,29.75,29.33,29.52,3447400
2017-07-28,29.17,29.48,29.16,29.440001,2316100
2017-07-31,29.58,29.709999,29.52,29.68,1966500
2017-08-01,29.870001,29.879999,29.629999,29.639999,1855400
2017-08-02,29.610001,29.67,29.48,29.67,1655500
2017-08-03,29.6,29.879999,29.549999,29.77,1691800
2017-08-04,29.809999,29.85,29.75,29.809999,3099700
2017-08-07,29.98,30.0,29.870001,29.9,2001200
2017-08-08,29.629999,29.77,29.57,29.620001,2002300
2017-08-09,29.809999,29.98,29.73,29.82,3626200
2017-08-10,29.49,29.49,29.27,29.280001,2675400
2017-08-11,29.1,29.139999,28.879999,29.0,5557400
2017-08-14,29.09,29.360001,29.059999,29.290001,2863400
2017-08-15,29.01,29.08,28.870001,29.030001,2680900
2017-08-16,28.969999,29.059999,28.940001,29.01,2477700
2017-08-17,28.99,29.030001,28.559999,28.559999,3513000
2017-08-18,28.629999,28.68,28.5,28.549999,3242500
2017-08-21,28.73,28.82,28.66,28.700001,2312700
2017-08-22,28.74,28.879999,28.690001,28.809999,2341300
2017-08-23,28.68,28.709999,28.6,28.629999,2354800
2017-08-24,28.629999,28.67,28.530001,28.57,2092900
2017-08-25,28.639999,28.799999,28.610001,28.709999,1998200
2017-08-28,28.74,28.82,28.639999,28.709999,1432900
2017-08-29,28.389999,28.57,28.389999,28.459999,2335100
2017-08-30,28.65,28.77,28.59,28.719999,3269800
2017-08-31,28.76,29.049999,28.76,29.030001,1978800
2017-09-01,29.110001,29.120001,28.82,28.85,2957300
2017-09-05,28.66,28.700001,28.32,28.389999,2710600
2017-09-06,28.6,28.66,28.49,28.52,2807100
2017-09-07,28.690001,28.690001,28.450001,28.48,2913100
2017-09-08,28.540001,28.6,28.459999,28.5,1520900
2017-09-11,28.67,28.98,28.67,28.92,1905600
2017-09-12,28.76,28.959999,28.75,28.879999,1810100
2017-09-13,28.860001,28.950001,28.75,28.780001,1821700
2017-09-14,28.639999,28.690001,28.49,28.59,1683400
2017-09-15,28.459999,28.52,28.35,28.5,3880000
2017-09-18,28.66,28.85,28.52,28.620001,2700800
2017-09-19,28.66,28.959999,28.639999,28.860001,2411800
2017-09-20,28.99,29.040001,28.690001,28.860001,2424000
2017-09-21,28.51,28.719999,28.5,28.620001,1617100
2017-09-22,28.639999,28.75,28.559999,28.639999,2090400
2017-09-25,28.559999,28.719999,28.540001,28.6,2749600
2017-09-26,28.530001,28.58,28.35,28.49,2011600
2017-09-27,28.4,28.48,28.27,28.360001,2438000
2017-09-28,27.98,28.17,27.940001,28.059999,4080600
2017-09-29,28.299999,28.49,28.209999,28.459999,2253800
2017-10-02,28.41,28.459999,28.27,28.370001,2622600
2017-10-03,28.290001,28.42,28.280001,28.4,3410500
2017-10-04,28.4,28.41,28.110001,28.18,2414200
2017-10-05,27.940001,28.309999,27.92,28.15,4539900
2017-10-06,28.15,28.16,27.959999,28.07,2472500
2017-10-09,28.209999,28.219999,28.02,28.059999,2129600
2017-10-10,28.370001,28.66,28.360001,28.59,3436700
2017-10-11,28.77,28.83,28.68,28.780001,3044900
2017-10-12,28.799999,29.09,28.700001,29.059999,4929500
2017-10-13,29.219999,29.26,29.040001,29.120001,2571000
2017-10-16,29.059999,29.139999,28.940001,29.0,2081100
2017-10-17,29.08,29.09,28.879999,28.99,1639000
2017-10-18,28.98,29.030001,28.870001,28.98,2201100
2017-10-19,29.030001,29.139999,28.879999,28.93,1743800
2017-10-20,29.110001,29.110001,28.84,28.98,1901200
2017-10-23,29.040001,29.049999,28.799999,28.860001,1681000
2017-10-24,28.809999,28.9,28.74,28.780001,1391900
2017-10-25,29.01,29.040001,28.65,28.75,3316000
2017-10-26,28.700001,28.799999,28.57,28.68,2479500
2017-10-27,28.540001,28.77,28.51,28.719999,1919000
2017-10-30,28.82,28.959999,28.74,28.780001,2620300
2017-10-31,28.860001,29.02,28.709999,28.98,1770500
2017-11-01,29.389999,29.52,29.299999,29.32,3114700
2017-11-02,29.370001,29.450001,29.219999,29.34,2021600
2017-11-03,29.18,29.190001,28.92,29.1,1918400
2017-11-06,29.18,29.219999,29.07,29.209999,1998200
2017-11-07,29.110001,29.15,28.870001,28.940001,2034800
2017-11-08,28.74,28.870001,28.639999,28.809999,2468800
2017-11-09,29.17,29.75,29.139999,29.67,11021800
2017-11-10,29.24,29.41,29.16,29.35,8388800
2017-11-13,28.719999,28.870001,28.709999,28.85,9212600
2017-11-14,30.0,30.610001,29.969999,30.48,9634400
2017-11-15,30.68,30.780001,30.58,30.700001,10866000
2017-11-16,30.540001,30.73,30.52,30.639999,5246300
2017-11-17,30.65,31.030001,30.6,30.959999,6858600
2017-11-20,30.83,31.0,30.82,30.93,3292700
2017-11-21,30.93,30.98,30.83,30.860001,3875100
2017-11-22,30.23,30.450001,30.16,30.4,3097000
2017-11-24,30.639999,30.700001,30.559999,30.59,1603000
2017-11-27,30.65,30.67,30.389999,30.450001,2408100
2017-11-28,30.32,30.58,30.290001,30.559999,2703900
2017-11-29,30.58,30.77,30.58,30.620001,3000900
2017-11-30,30.809999,30.92,30.700001,30.780001,3589100
2017-12-01,30.77,30.85,30.65,30.73,3071400
2017-12-04,30.870001,30.959999,30.690001,30.73,3156100
2017-12-05,30.780001,30.889999,30.59,30.610001,2477800
2017-12-06,30.639999,30.700001,30.469999,30.48,2363700
2017-12-07,31.030001,31.23,30.879999,31.040001,4454900
2017-12-08,31.200001,31.309999,31.1,31.219999,2398000
2017-12-11,31.17,31.290001,31.1,31.25,2152100
2017-12-12,31.459999,31.540001,31.209999,31.25,2956900
2017-12-13,31.26,31.43,31.209999,31.34,2027300
2017-12-14,31.43,31.43,31.219999,31.27,1864700
2017-12-15,31.01,31.139999,30.950001,31.07,2670200
2017-12-18,31.49,31.530001,31.389999,31.42,1919300
2017-12-19,31.459999,31.610001,31.379999,31.450001,2685700
2017-12-20,31.49,31.549999,31.370001,31.4,2436600
2017-12-21,31.52,31.93,31.5,31.780001,3743200
2017-12-22,31.77,31.950001,31.77,31.860001,1969000
2017-12-26,31.709999,31.98,31.709999,31.860001,1835100
2017-12-27,31.82,31.92,31.690001,31.709999,1529200
2017-12-28,31.870001,31.940001,31.82,31.93,1646300
2017-12-29,31.889999,31.99,31.85,31.9,1327400
2018-01-02,32.16,32.240002000000004,31.99,32.200001,2413800
2018-01-03,31.99,32.139999,31.870001,31.99,2175600
2018-01-04,32.130001,32.34,32.110001000000004,32.310001,1779800
2018-01-05,32.439999,32.619999,32.360001000000004,32.580002,1978600
2018-01-08,32.669998,32.75,32.529999,32.669998,2622500
2018-01-09,32.529999,32.630001,32.43,32.599998,1969300
2018-01-10,32.150002,32.16,31.639999,31.65,3677200
2018-01-11,30.969999,31.459999,30.91,31.440001,3305300
2018-01-12,31.73,31.940001,31.690001,31.93,2897400
2018-01-16,32.16,32.380001,32.150002,32.330002,3375000
2018-01-17,31.969999,32.0,31.280001,31.32,11250100
2018-01-18,31.559999,31.82,31.48,31.58,6603600
2018-01-19,31.67,31.790001,31.49,31.58,2934400
2018-01-22,31.98,32.169998,31.969999,32.16,2695000
2018-01-23,32.290001000000004,32.41,32.150002,32.32,2320400
2018-01-24,32.540001000000004,32.599998,32.279999,32.369999,2318100
2018-01-25,32.73,32.75,32.130001,32.200001,2229100
2018-01-26,32.369999,32.41,32.23,32.400002,1821400
2018-01-29,32.130001,32.209999,32.029999,32.09,1765200
2018-01-30,32.139999,32.220001,31.98,32.060001,2195300
2018-01-31,32.139999,32.299999,32.02,32.220001,2314800
2018-02-01,30.870001,30.9,30.469999,30.809999,6271000
2018-02-02,30.709999,31.84,30.32,31.049999,7957400
2018-02-05,29.959999,30.030001,29.040001,29.110001,9407900
2018-02-06,28.809999,29.690001,28.67,29.620001,10301800
2018-02-07,29.379999,29.700001,29.24,29.389999,6541800
2018-02-08,29.5,29.530001,28.389999,28.4,7896900
2018-02-09,28.469999,28.690001,27.870001,28.540001,8580700
2018-02-12,28.59,28.67,28.27,28.450001,4570400
2018-02-13,28.299999,28.35,28.16,28.32,3934700
2018-02-14,28.120001,28.540001,28.040001,28.469999,3748800
2018-02-15,28.639999,28.799999,28.42,28.75,2871800
2018-02-16,28.91,29.25,28.9,28.98,3070700
2018-02-20,28.940001,28.98,28.58,28.65,3431700
2018-02-21,28.780001,28.82,28.24,28.25,3938100
2018-02-22,28.25,28.5,28.23,28.360001,2286700
2018-02-23,28.82,29.01,28.68,28.959999,2769300
2018-02-26,29.07,29.18,28.91,29.129999,1928300
2018-02-27,28.780001,28.9,28.57,28.58,2299900
2018-02-28,28.559999,28.65,28.309999,28.309999,2196100
2018-03-01,28.27,28.33,27.76,27.91,4278300
2018-03-02,27.870001,28.07,27.68,28.049999,2914200
2018-03-05,28.01,28.450001,28.0,28.360001,2496800
2018-03-06,28.65,28.68,28.5,28.559999,1846200
2018-03-07,28.77,28.83,28.459999,28.629999,2890200
2018-03-08,28.940001,29.07,28.860001,28.959999,2732900
2018-03-09,28.84,29.059999,28.709999,29.040001,1577900
2018-03-12,29.01,29.1,28.92,29.040001,1744000
2018-03-13,29.01,29.1,28.58,28.639999,3969000
2018-03-14,28.85,28.870001,28.530001,28.74,2403100
2018-03-15,28.49,28.68,28.35,28.440001,2897300
2018-03-16,28.49,28.66,28.43,28.5,3102200
2018-03-19,28.559999,28.58,28.16,28.280001,2488300
2018-03-20,28.110001,28.17,27.860001,27.93,2543200
2018-03-21,28.120001,28.360001,27.969999,28.17,3730200
2018-03-22,27.549999,27.66,27.34,27.360001,4927300
2018-03-23,27.950001,28.01,27.41,27.41,3845900
2018-03-26,27.91,27.950001,27.469999,27.85,2961000
2018-03-27,27.92,27.98,27.459999,27.59,3592500
2018-03-28,27.51,27.92,27.450001,27.67,3483600
2018-03-29,27.950001,27.98,27.610001,27.82,2770600
2018-04-02,27.790001,27.809999,27.26,27.42,2672600
2018-04-03,27.58,27.76,27.4,27.68,2301900
2018-04-04,27.9,28.34,27.870001,28.309999,3145600
2018-04-05,28.639999,28.889999,28.559999,28.780001,3313300
2018-04-06,29.040001,29.129999,28.74,28.82,3569100
2018-04-09,29.200001,29.25,28.93,28.950001,2303400
2018-04-10,29.360001,29.57,29.290001,29.41,2863500
2018-04-11,29.6,29.700001,29.389999,29.41,2852100
2018-04-12,29.65,29.83,29.629999,29.74,2063600
2018-04-13,29.82,29.85,29.67,29.77,2216500
2018-04-16,29.83,30.040001,29.75,30.0,2638100
2018-04-17,29.940001,29.98,29.809999,29.83,2756700
2018-04-18,29.82,29.91,29.690001,29.74,4698200
2018-04-19,29.719999,29.780001,29.389999,29.459999,2811000
2018-04-20,29.790001,29.93,29.629999,29.74,5931900
2018-04-23,29.860001,30.200001,29.83,30.07,2881500
2018-04-24,29.9,30.02,29.700001,29.84,3123300
2018-04-25,29.49,29.610001,29.33,29.58,2407900
2018-04-26,29.85,30.0,29.73,29.93,2363000
2018-04-27,29.25,29.559999,29.18,29.51,3732700
2018-04-30,29.5,29.6,29.4,29.41,2676600
2018-05-01,29.27,29.280001,28.98,29.129999,1943600
2018-05-02,29.33,29.440001,29.059999,29.120001,2638800
2018-05-03,28.879999,29.049999,28.639999,28.99,3243200
2018-05-04,28.690001,28.91,28.66,28.85,3179500
2018-05-07,28.93,29.059999,28.74,28.84,2245700
2018-05-08,28.57,28.57,28.370001,28.559999,3777300
2018-05-09,28.879999,28.91,28.639999,28.799999,3179300
2018-05-10,28.66,28.809999,28.530001,28.780001,2769900
2018-05-11,29.02,29.059999,28.76,28.77,2623500
2018-05-14,28.6,28.639999,28.290001,28.370001,3889400
2018-05-15,27.17,27.209999,26.93,27.040001,7718000
2018-05-16,26.91,26.98,26.540001,26.6,7045000
2018-05-17,26.65,26.780001,26.540001,26.610001,4696300
2018-05-18,26.290001,26.48,26.219999,26.41,5969200
2018-05-21,26.629999,26.68,26.450001,26.540001,2928700
2018-05-22,26.98,27.1,26.879999,26.940001,5456200
2018-05-23,26.84,26.9,26.49,26.59,5612300
2018-05-24,26.440001,26.459999,26.24,26.299999,5631700
2018-05-25,26.17,26.24,26.02,26.16,2916500
2018-05-29,25.799999,25.99,25.75,25.91,3776200
2018-05-30,26.209999,26.25,26.02,26.17,3434500
2018-05-31,25.969999,26.0,25.67,25.93,4255600
2018-06-01,26.129999,26.32,26.09,26.25,3237400
2018-06-04,26.57,26.690001,26.389999,26.41,4038200
2018-06-05,26.440001,26.459999,26.190001,26.24,2966000
2018-06-06,26.469999,26.549999,26.41,26.52,6358200
2018-06-07,25.57,25.57,25.139999,25.18,7730300
2018-06-08,25.280001,25.33,25.15,25.209999,3457400
2018-06-11,25.42,25.469999,25.309999,25.35,3022600
2018-06-12,25.360001,25.360001,25.209999,25.26,4215100
2018-06-13,24.99,25.01,24.68,24.690001,7663000
2018-06-14,25.07,25.18,24.92,24.98,4100700
2018-06-15,24.610001,24.780001,24.540001,24.74,4800600
2018-06-18,24.52,24.629999,24.450001,24.49,4339900
2018-06-19,24.27,24.59,24.26,24.51,4042400
2018-06-20,24.809999,24.83,24.52,24.59,3551100
2018-06-21,24.51,24.57,24.41,24.469999,2490400
2018-06-22,24.809999,24.950001,24.780001,24.870001,3069500
2018-06-25,24.57,24.65,24.469999,24.540001,3486700
2018-06-26,24.32,24.379999,24.120001,24.309999,3623100
2018-06-27,24.129999,24.34,24.040001,24.040001,4280000
2018-06-28,24.120001,24.299999,24.059999,24.24,2503800
2018-06-29,24.200001,24.450001,24.17,24.309999,3101100
2018-07-02,24.139999,24.290001,24.09,24.24,2829000
2018-07-03,24.530001,24.690001,24.49,24.559999,2453300
2018-07-05,25.01,25.059999,24.889999,24.98,3496800
2018-07-06,25.34,25.469999,25.299999,25.32,3839000
2018-07-09,25.25,25.32,25.09,25.200001,3230300
2018-07-10,25.129999,25.24,25.1,25.219999,2394400
2018-07-11,24.639999,24.74,24.25,24.290001,5211100
2018-07-12,24.35,24.379999,24.27,24.360001,3112400
2018-07-13,24.18,24.23,24.07,24.16,4639000
2018-07-16,24.08,24.27,24.049999,24.219999,3123400
2018-07-17,23.889999,24.0,23.82,23.879999,3738800
2018-07-18,23.77,23.809999,23.59,23.68,5658100
2018-07-19,23.33,23.49,23.27,23.280001,6667100
2018-07-20,23.23,23.549999,23.23,23.450001,7198400
2018-07-23,23.59,23.66,23.469999,23.5,2822500
2018-07-24,23.6,23.700001,23.43,23.68,4110600
2018-07-25,23.41,23.58,23.25,23.5,7910000
2018-07-26,23.549999,23.6,23.379999,23.469999,5004900
2018-07-27,23.870001,23.969999,23.75,23.809999,3902900
2018-07-30,23.98,24.969999,23.860001,24.889999,12974000
2018-07-31,24.67,24.76,24.51,24.549999,4194400
2018-08-01,24.549999,24.549999,24.34,24.43,2910300
2018-08-02,24.030001,24.049999,23.85,24.0,4496300
2018-08-03,24.16,24.450001,24.120001,24.35,4428700
2018-08-06,24.33,24.48,24.27,24.34,3017800
2018-08-07,24.52,24.559999,24.360001,24.4,2492500
2018-08-08,24.440001,24.459999,24.299999,24.370001,1819500
2018-08-09,24.200001,24.26,24.129999,24.23,3106300
2018-08-10,23.59,23.73,23.49,23.700001,5330300
2018-08-13,23.48,23.6,23.379999,23.469999,4238700
2018-08-14,23.27,23.299999,23.1,23.17,5253900
2018-08-15,22.67,22.76,22.469999,22.73,7332500
2018-08-16,22.700001,22.98,22.68,22.85,5969100
2018-08-17,22.65,22.84,22.59,22.780001,3668900
2018-08-20,22.790001,23.030001,22.77,22.950001,4401300
2018-08-21,23.040001,23.25,22.959999,23.17,3847500
2018-08-22,23.209999,23.209999,23.01,23.139999,3851200
2018-08-23,23.040001,23.059999,22.799999,22.84,3479600
2018-08-24,22.93,22.950001,22.809999,22.83,3678400
2018-08-27,22.950001,23.120001,22.93,23.1,3454200
2018-08-28,22.889999,23.01,22.860001,22.879999,3859400
2018-08-29,22.6,23.030001,22.559999,22.98,6044600
2018-08-30,22.290001,22.34,21.860001,21.879999,8710700
2018-08-31,21.84,21.84,21.51,21.610001,19188600
2018-09-04,21.280001,21.360001,21.129999,21.25,10116000
2018-09-05,21.35,21.5,21.200001,21.299999,14944500
2018-09-06,21.629999,21.68,21.33,21.49,8063200
2018-09-07,21.59,21.639999,21.41,21.450001,5507300
2018-09-10,21.879999,21.879999,21.6,21.65,5253000
2018-09-11,21.58,21.82,21.5,21.799999,5356600
2018-09-12,21.620001,22.0,21.620001,21.940001,5850900
2018-09-13,22.280001,22.34,22.190001,22.27,6053000
2018-09-14,22.17,22.26,22.0,22.23,5723500
2018-09-17,22.25,22.48,22.219999,22.360001,4784800
2018-09-18,22.41,22.610001,22.370001,22.549999,4854400
2018-09-19,22.360001,22.6,22.34,22.540001,4760800
2018-09-20,22.610001,22.66,22.48,22.620001,5967600
2018-09-21,22.51,22.85,22.49,22.809999,6747600
2018-09-24,22.83,22.870001,22.610001,22.65,4870900
2018-09-25,22.5,22.620001,22.469999,22.540001,11630700
2018-09-26,22.18,22.389999,22.139999,22.200001,10799900
2018-09-27,22.4,22.52,22.219999,22.25,6600100
2018-09-28,21.780001,21.85,21.67,21.700001,6906900
2018-10-01,21.68,21.719999,21.360001,21.43,12410200
2018-10-02,21.09,21.200001,21.01,21.110001,17379900
2018-10-03,21.48,21.57,21.200001,21.26,13561700
2018-10-04,21.33,21.41,21.190001,21.200001,13923600
2018-10-05,21.190001,21.200001,21.01,21.08,11323000
2018-10-08,20.469999,20.51,20.209999,20.360001,14052500
2018-10-09,19.98,20.07,19.82,19.84,8900100
2018-10-10,20.450001,20.49,20.08,20.08,8821900
2018-10-11,20.35,20.370001,19.85,19.950001,8837800
2018-10-12,20.200001,20.200001,19.780001,19.99,8675900
2018-10-15,20.209999,20.530001,20.18,20.360001,8127000
2018-10-16,20.4,20.459999,20.23,20.35,6357700
2018-10-17,20.059999,20.33,20.040001,20.190001,7465400
2018-10-18,20.110001,20.18,19.85,19.91,6307900
2018-10-19,19.959999,20.27,19.940001,20.200001,6267000
2018-10-22,19.9,19.950001,19.57,19.59,7389900
2018-10-23,19.43,19.459999,19.09,19.360001,10464000
2018-10-24,19.43,19.440001,18.879999,18.889999,7839300
2018-10-25,18.92,19.040001,18.860001,18.91,7652400
2018-10-26,18.76,18.77,18.450001,18.620001,8748600
2018-10-29,19.110001,19.18,18.639999,18.790001,7036900
2018-10-30,18.84,18.98,18.700001,18.860001,7392200
2018-10-31,18.950001,19.040001,18.83,18.93,6976900
2018-11-01,19.700001,19.82,19.59,19.799999,6416800
2018-11-02,19.77,19.799999,19.41,19.450001,10616500
2018-11-05,19.65,19.83,19.549999,19.709999,5577700
2018-11-06,19.34,19.35,19.07,19.129999,8453500
2018-11-07,19.49,19.57,19.34,19.51,12454500
2018-11-08,19.309999,19.43,19.01,19.09,7163700
2018-11-09,18.77,18.91,18.6,18.790001,6041700
2018-11-12,18.639999,18.860001,18.58,18.59,6524400
2018-11-13,20.1,20.48,19.98,20.08,11543700
2018-11-14,20.870001,20.870001,20.18,20.370001,14130900
2018-11-15,19.799999,19.879999,19.620001,19.870001,10265900
2018-11-16,19.67,19.82,19.52,19.6,6532400
2018-11-19,20.0,20.09,19.719999,19.83,8167600
2018-11-20,19.959999,20.0,19.4,19.51,8520600
2018-11-21,19.51,19.65,19.43,19.52,7544700
2018-11-23,19.9,19.969999,19.68,19.719999,5448300
2018-11-26,20.459999,21.09,20.42,20.91,16211300
2018-11-27,21.040001,21.389999,20.959999,21.24,15333800
2018-11-28,21.73,21.73,21.32,21.690001,12939500
2018-11-29,21.309999,21.440001,21.23,21.309999,8642700
2018-11-30,21.639999,21.73,21.389999,21.49,8275200
2018-12-03,21.5,21.5,21.18,21.26,6918500
2018-12-04,21.15,21.200001,20.57,20.719999,7870100
2018-12-06,20.73,20.77,20.33,20.75,7955200
2018-12-07,20.780001,21.0,20.4,20.48,7508700
2018-12-10,20.299999,20.309999,19.889999,20.139999,8529600
2018-12-11,20.59,20.66,20.040001,20.110001,8807700
2018-12-12,20.559999,20.65,20.4,20.440001,8724300
2018-12-13,20.370001,20.43,19.950001,20.09,7939600
2018-12-14,19.99,20.18,19.9,20.120001,7582500
2018-12-17,20.34,20.35,19.879999,20.01,9965100
2018-12-18,20.01,20.07,19.76,19.84,8344500
2018-12-19,20.07,20.25,19.68,19.799999,10357500
2018-12-20,20.200001,20.35,19.799999,20.0,11927500
2018-12-21,19.959999,20.049999,19.26,19.35,20478200
2018-12-24,19.440001,19.48,19.01,19.17,5304000
2018-12-26,19.18,19.57,18.940001,19.559999,9169400
2018-12-27,19.120001,19.309999,18.85,19.299999,8466900
2018-12-28,19.629999,19.65,19.459999,19.51,8565000
2018-12-31,19.389999,19.5,19.110001,19.280001,6924800
2019-01-02,19.299999,19.790001,19.190001,19.719999,5106800
2019-01-03,19.75,19.82,19.549999,19.639999,5659100
2019-01-04,19.870001,20.07,19.83,20.030001,5868300
2019-01-07,20.0,20.24,19.92,20.18,5996100
2019-01-08,19.85,19.91,19.610001,19.719999,5845000
2019-01-09,19.360001,19.58,19.200001,19.51,5354200
2019-01-10,19.52,19.73,19.48,19.58,4408000
2019-01-11,19.49,19.82,19.42,19.700001,6235600
2019-01-14,19.280001,19.35,19.120001,19.280001,6084800
2019-01-15,18.969999,19.139999,18.92,19.040001,4845100
2019-01-16,19.02,19.200001,18.99,19.110001,4211700
2019-01-17,19.0,19.24,18.98,19.190001,4374600
2019-01-18,19.200001,19.4,19.200001,19.299999,5476900
2019-01-22,19.209999,19.26,19.129999,19.18,4847200
2019-01-23,19.49,19.68,19.469999,19.51,4610000
2019-01-24,18.969999,18.99,18.51,18.559999,8141000
2019-01-25,18.09,18.139999,17.860001,17.969998999999994,10691300
2019-01-28,17.9,17.98,17.780001000000006,17.860001,9254800
2019-01-29,17.950001,17.98,17.700001,17.76,5637500
2019-01-30,17.9,17.98,17.77,17.969998999999994,5634200
2019-01-31,18.15,18.290001,18.02,18.24,6403500
2019-02-01,18.040001,18.24,18.030001,18.209999,4915000
2019-02-04,17.98,18.110001,17.9,18.049999,4809200
2019-02-05,18.26,18.309999,18.190001,18.25,3373400
2019-02-06,18.51,18.610001,18.360001,18.389999,5584800
2019-02-07,18.25,18.290001,18.01,18.049999,4331000
2019-02-08,17.91,18.07,17.84,18.040001,3847700
2019-02-11,18.190001,18.200001,18.07,18.120001,3322200
2019-02-12,18.059999,18.110001,17.91,17.969998999999994,4833200
2019-02-13,18.01,18.09,17.9,17.93,4095900
2019-02-14,17.799999,18.01,17.790001,17.940001000000006,4574700
2019-02-15,18.129999,18.27,18.059999,18.26,5955900
2019-02-19,18.23,18.52,18.200001,18.440001,4839200
2019-02-20,18.530001,18.620001,18.43,18.51,4700100
2019-02-21,18.290001,18.440001,18.209999,18.280001,3887000
2019-02-22,18.530001,18.620001,18.42,18.450001,3426900
2019-02-25,18.48,18.5,18.16,18.200001,4276100
2019-02-26,18.059999,18.129999,17.99,17.99,5360400
2019-02-27,17.99,18.030001,17.719998999999994,17.83,4699500
2019-02-28,17.85,17.91,17.790001,17.85,4310600
2019-03-01,17.950001,18.030001,17.559998999999998,17.6,5938800
2019-03-04,17.4,17.440001000000002,17.049999,17.07,11262400
2019-03-05,17.559998999999998,17.66,17.440001000000002,17.51,9537400
2019-03-06,17.82,17.82,17.52,17.639999,6604000
2019-03-07,17.700001,17.790001,17.52,17.690001000000006,4086300
2019-03-08,17.860001,17.91,17.690001000000006,17.83,4983300
2019-03-11,17.91,18.24,17.860001,18.190001,4792100
2019-03-12,18.1,18.27,18.049999,18.16,3867800
2019-03-13,18.370001,18.459999,18.200001,18.42,6048900
2019-03-14,18.6,18.65,18.530001,18.59,3807100
2019-03-15,18.9,19.059999,18.85,19.040001,6516900
2019-03-18,19.07,19.110001,18.940001,19.09,2958300
2019-03-19,19.290001,19.33,19.17,19.23,3800300
2019-03-20,19.25,19.4,19.139999,19.27,5852500
2019-03-21,19.27,19.280001,19.0,19.110001,6842300
2019-03-22,19.129999,19.190001,18.889999,18.940001,9118800
2019-03-25,18.889999,18.969999,18.52,18.59,6215900
2019-03-26,18.799999,18.91,18.74,18.879999,4653100
2019-03-27,18.76,18.780001,18.540001,18.59,3537000
2019-03-28,18.41,18.43,18.040001,18.129999,3990400
2019-03-29,18.07,18.190001,17.969998999999994,18.18,4047400
2019-04-01,18.559999,18.68,18.459999,18.6,4132500
2019-04-02,18.469999,18.59,18.43,18.559999,3178200
2019-04-03,18.799999,18.92,18.799999,18.879999,3666500
2019-04-04,18.790001,18.940001,18.780001,18.870001,2840900
2019-04-05,18.309999,18.4,18.23,18.35,4058900
2019-04-08,18.389999,18.4,18.219999,18.35,2847100
2019-04-09,18.360001,18.379999,18.27,18.290001,2397500
2019-04-10,18.299999,18.35,18.23,18.25,3560700
2019-04-11,18.200001,18.219999,18.0,18.08,4566900
2019-04-12,18.33,18.43,18.309999,18.34,3342700
2019-04-15,18.52,18.67,18.450001,18.610001,3599700
2019-04-16,18.77,18.780001,18.549999,18.59,2780500
2019-04-17,18.690001,18.790001,18.610001,18.709999,3501100
2019-04-18,18.559999,18.58,18.440001,18.52,2492400
2019-04-22,18.51,18.530001,18.379999,18.41,1968900
2019-04-23,18.48,18.49,18.209999,18.309999,3361800
2019-04-24,18.110001,18.15,17.950001,17.969998999999994,3905400
2019-04-25,17.9,18.0,17.82,17.959999,2426000
2019-04-26,18.27,18.370001,18.200001,18.370001,2936900
2019-04-29,18.49,18.559999,18.43,18.52,2420800
2019-04-30,18.48,18.59,18.360001,18.52,2475100
2019-05-01,18.559999,18.559999,18.34,18.440001,2783700
2019-05-02,18.440001,18.459999,18.299999,18.4,3310600
2019-05-03,18.299999,18.459999,18.299999,18.459999,2709800
2019-05-06,18.24,18.35,18.16,18.33,2226000
2019-05-07,18.360001,18.389999,18.200001,18.26,3454800
2019-05-08,18.209999,18.33,18.120001,18.16,3681000
2019-05-09,18.02,18.110001,18.0,18.110001,3986200
2019-05-10,18.049999,18.33,18.01,18.33,3894600
2019-05-13,17.33,17.34,16.75,16.77,11133100
2019-05-14,16.530001000000002,16.58,16.110001,16.34,20011400
2019-05-15,16.25,16.299999,16.049999,16.059998999999998,10979100
2019-05-16,16.0,16.02,15.8,15.87,8469600
2019-05-17,15.75,15.83,15.7,15.74,5698000
2019-05-20,15.72,16.059998999999998,15.71,16.02,6720200
2019-05-21,16.08,16.09,15.92,15.97,5194000
2019-05-22,15.8,15.9,15.78,15.85,4160700
2019-05-23,15.57,15.61,15.53,15.56,3052500
2019-05-24,16.0,16.02,15.9,15.99,4183400
2019-05-28,16.049999,16.129998999999998,15.94,15.95,5146100
2019-05-29,16.32,16.360001,16.18,16.290001,6556100
2019-05-30,16.32,16.450001,16.23,16.379998999999998,5675800
2019-05-31,16.23,16.34,16.18,16.209999,3579500
2019-06-03,16.219998999999998,16.379998999999998,16.209999,16.360001,2709000
2019-06-04,16.92,16.959999,16.77,16.889999,5599000
2019-06-05,16.91,16.93,16.74,16.780001000000002,5230900
2019-06-06,16.280001000000002,16.280001000000002,16.120001000000002,16.18,3736000
2019-06-07,16.379998999999998,16.6,16.370001000000002,16.440001000000002,4317000
2019-06-10,16.370001000000002,16.469998999999998,16.34,16.42,3685300
2019-06-11,16.610001,16.65,16.42,16.469998999999998,3237200
2019-06-12,16.4,16.440001000000002,16.27,16.290001,2170100
2019-06-13,16.33,16.389999,16.23,16.27,2174500
2019-06-14,16.16,16.17,16.0,16.0,3423400
2019-06-17,15.92,16.0,15.89,15.92,2363900
2019-06-18,16.059998999999998,16.24,16.059998999999998,16.15,3290100
2019-06-19,15.93,16.129998999999998,15.91,16.1,2620500
2019-06-20,16.190001000000002,16.33,16.18,16.309998999999998,3429100
2019-06-21,16.110001,16.18,16.030001000000002,16.139999,3349200
2019-06-24,16.07,16.120001000000002,15.97,16.0,2445300
2019-06-25,15.73,15.83,15.61,15.69,6292300
2019-06-26,15.88,16.040001,15.82,15.95,4853300
2019-06-27,16.219998999999998,16.33,16.190001000000002,16.26,2464400
2019-06-28,16.360001,16.41,16.280001000000002,16.33,2657300
2019-07-01,16.200001,16.219998999999998,15.96,16.129998999999998,2999400
2019-07-02,16.059998999999998,16.26,16.040001,16.209999,2776600
2019-07-03,16.549999,16.66,16.48,16.5,1918400
2019-07-05,16.790001,16.85,16.67,16.83,3234300
2019-07-08,16.690001000000002,16.75,16.610001,16.65,3473700
2019-07-09,16.5,16.65,16.49,16.549999,5744400
2019-07-10,16.58,16.620001000000002,16.459999,16.51,3517500
2019-07-11,16.620001000000002,16.66,16.52,16.6,2157800
2019-07-12,16.469998999999998,16.530001000000002,16.42,16.49,2266500
2019-07-15,16.27,16.360001,16.25,16.309998999999998,3586500
2019-07-16,15.94,15.95,15.74,15.75,4652300
2019-07-17,15.68,15.75,15.6,15.68,3174400
2019-07-18,15.86,15.94,15.75,15.92,3039200
2019-07-19,16.030001000000002,16.18,16.02,16.110001,3025000
2019-07-22,16.030001000000002,16.059998999999998,15.87,15.94,3401000
2019-07-23,16.200001,16.35,16.139999,16.200001,4483700
2019-07-24,16.27,16.450001,16.25,16.4,3782400
2019-07-25,16.43,16.48,16.34,16.379998999999998,5383300
2019-07-26,17.870001000000006,18.290001,17.82,18.25,10525700
2019-07-29,18.700001,18.74,18.4,18.450001,7287500
2019-07-30,18.43,18.459999,18.290001,18.389999,3761000
2019-07-31,18.24,18.4,18.040001,18.120001,5455100
2019-08-01,18.360001,18.440001,18.18,18.299999,4272900
2019-08-02,18.24,18.34,18.1,18.32,4736100
2019-08-05,17.959999,17.99,17.799999,17.889999,2843900
2019-08-06,17.82,17.91,17.74,17.860001,3238000
2019-08-07,17.700001,18.0,17.690001000000006,17.98,3168700
2019-08-08,18.219999,18.290001,18.15,18.200001,2942700
2019-08-09,17.99,18.09,17.969998999999994,18.01,2322600
2019-08-12,18.040001,18.059999,17.85,17.85,2574900
2019-08-13,18.110001,18.219999,17.98,18.120001,3400000
2019-08-14,17.91,18.0,17.889999,17.9,3322900
2019-08-15,18.01,18.08,17.82,17.889999,2716500
2019-08-16,18.139999,18.360001,18.040001,18.34,3419200
2019-08-19,18.18,18.27,18.16,18.25,3362500
2019-08-20,17.99,18.030001,17.879998999999994,17.93,2679700
2019-08-21,18.25,18.280001,18.139999,18.209999,2438100
2019-08-22,18.450001,18.469999,18.25,18.35,2803800
2019-08-23,18.52,18.620001,18.25,18.290001,2970200
2019-08-26,18.299999,18.389999,18.219999,18.389999,2138700
2019-08-27,18.459999,18.540001,18.42,18.459999,2622100
2019-08-28,18.530001,18.700001,18.469999,18.68,3223900
2019-08-29,19.0,19.01,18.879999,18.92,3374000
2019-08-30,18.889999,18.93,18.74,18.82,3523300
2019-09-03,18.85,19.059999,18.84,19.0,3834300
2019-09-04,19.1,19.139999,18.98,19.110001,2991400
2019-09-05,19.08,19.09,18.790001,18.84,3210600
2019-09-06,19.02,19.17,18.99,19.15,2657800
2019-09-09,19.09,19.25,19.030001,19.23,3221800
2019-09-10,19.34,19.48,19.33,19.42,2646300
2019-09-11,19.450001,19.73,19.42,19.719999,3372700
2019-09-12,19.83,19.9,19.719999,19.83,3406000
2019-09-13,20.0,20.09,19.91,19.98,3181600
2019-09-16,19.719999,19.84,19.700001,19.709999,2535400
2019-09-17,19.5,19.75,19.389999,19.68,3429700
2019-09-18,19.49,19.52,19.379999,19.469999,2691000
2019-09-19,19.83,20.09,19.82,19.959999,3180200
2019-09-20,20.07,20.08,19.77,19.85,4265800
2019-09-23,19.77,19.870001,19.77,19.809999,2062500
2019-09-24,19.969999,19.98,19.74,19.82,3894800
2019-09-25,19.780001,19.9,19.700001,19.84,2505400
2019-09-26,20.07,20.120001,20.0,20.049999,3748400
2019-09-27,20.01,20.059999,19.77,19.83,2564100
2019-09-30,19.98,19.99,19.870001,19.91,2584700
2019-10-01,19.549999,19.57,19.309999,19.4,4796900
2019-10-02,19.4,19.42,19.02,19.08,4127000
2019-10-03,19.059999,19.299999,18.99,19.27,2831700
2019-10-04,19.200001,19.49,19.190001,19.48,2568700
2019-10-07,19.780001,19.85,19.719999,19.76,2613500
2019-10-08,19.66,19.700001,19.559999,19.620001,2721000
2019-10-09,19.709999,19.74,19.58,19.610001,3704400
2019-10-10,19.790001,20.129999,19.74,20.09,3619100
2019-10-11,20.4,20.450001,20.219999,20.219999,3203200
2019-10-14,20.23,20.32,20.110001,20.18,2096800
2019-10-15,20.4,20.610001,20.34,20.540001,4622400
2019-10-16,20.6,20.690001,20.5,20.58,2361200
2019-10-17,20.719999,20.75,20.540001,20.66,2620300
2019-10-18,20.620001,20.74,20.6,20.610001,2566500
2019-10-21,20.780001,20.83,20.5,20.549999,2841400
2019-10-22,20.719999,20.82,20.620001,20.73,3348100
2019-10-23,20.809999,20.969999,20.790001,20.959999,2538900
2019-10-24,20.73,20.76,20.58,20.65,2594200
2019-10-25,20.459999,20.59,20.459999,20.5,1905000
2019-10-28,20.49,20.620001,20.469999,20.57,1845700
2019-10-29,20.379999,20.43,20.25,20.33,2178400
2019-10-30,20.190001,20.34,20.17,20.290001,3067100
2019-10-31,20.33,20.450001,20.25,20.42,1658600
2019-11-01,20.370001,20.48,20.360001,20.469999,1939000
2019-11-04,20.620001,20.719999,20.540001,20.540001,2211600
2019-11-05,20.67,20.860001,20.65,20.85,2808400
2019-11-06,20.99,20.99,20.790001,20.85,3100500
2019-11-07,20.940001,21.01,20.84,20.91,2432800
2019-11-08,20.860001,20.879999,20.66,20.68,3318800
2019-11-11,20.540001,20.67,20.450001,20.540001,4366700
2019-11-12,21.35,21.719999,21.120001,21.25,5490400
2019-11-13,20.870001,21.17,20.870001,21.110001,2567000
2019-11-14,20.65,20.719999,20.43,20.51,3318300
2019-11-15,19.92,20.040001,19.83,19.85,5142700
2019-11-18,19.799999,19.85,19.65,19.67,2926400
2019-11-19,19.85,19.870001,19.73,19.83,3109800
2019-11-20,19.559999,19.700001,19.51,19.58,2639300
2019-11-21,19.639999,19.65,19.549999,19.610001,1863600
2019-11-22,19.950001,20.030001,19.889999,20.02,3000600
2019-11-25,20.219999,20.25,20.139999,20.23,3650800
2019-11-26,20.26,20.299999,20.15,20.24,3849400
2019-11-27,19.99,20.129999,19.92,20.120001,3110400
2019-11-29,19.73,19.83,19.700001,19.82,2142100
2019-12-02,19.469999,19.5,19.09,19.18,4539100
2019-12-03,18.799999,19.02,18.76,19.0,3737100
2019-12-04,19.01,19.15,18.940001,19.08,2854400
2019-12-05,18.950001,19.040001,18.9,18.950001,3504700
2019-12-06,18.91,18.950001,18.809999,18.93,2239500
2019-12-09,18.809999,18.950001,18.790001,18.870001,3003600
2019-12-10,18.73,18.860001,18.73,18.790001,4240500
2019-12-11,18.879999,18.940001,18.83,18.9,2814900
2019-12-12,19.02,19.120001,18.809999,18.940001,3600200
2019-12-13,19.450001,19.610001,19.379999,19.530001,4740200
2019-12-16,19.959999,19.969999,19.690001,19.690001,4175000
2019-12-17,19.41,19.59,19.34,19.52,3774100
2019-12-18,19.559999,19.690001,19.549999,19.610001,2688700
2019-12-19,19.49,19.639999,19.49,19.549999,2981500
2019-12-20,19.719999,19.74,19.51,19.540001,3687200
2019-12-23,19.389999,19.42,19.299999,19.360001,2586300
2019-12-24,19.33,19.42,19.32,19.35,1059800
2019-12-26,19.299999,19.440001,19.299999,19.41,1815800
2019-12-27,19.59,19.719999,19.559999,19.620001,2387000
2019-12-30,19.530001,19.59,19.33,19.34,2273800
2019-12-31,19.280001,19.35,19.23,19.33,2213500
2020-01-02,19.379999,19.459999,19.34,19.43,1734600
2020-01-03,19.34,19.4,19.290001,19.290001,1453100
2020-01-06,19.24,19.389999,19.200001,19.34,1809400
2020-01-07,19.360001,19.360001,19.129999,19.209999,2543400
2020-01-08,19.209999,19.360001,19.200001,19.299999,1546900
2020-01-09,19.66,19.879999,19.620001,19.879999,3800100
2020-01-10,19.889999,19.950001,19.690001,19.690001,2460800
2020-01-13,19.549999,19.700001,19.51,19.700001,2324000
2020-01-14,20.209999,20.459999,20.129999,20.370001,4800900
2020-01-15,20.4,20.530001,20.389999,20.43,2214700
2020-01-16,20.370001,20.379999,20.219999,20.299999,3229500
2020-01-17,20.17,20.190001,19.969999,20.09,2420000
2020-01-21,20.190001,20.219999,20.110001,20.16,2303500
2020-01-22,20.16,20.17,19.92,19.940001,2750800
2020-01-23,20.18,20.309999,20.049999,20.290001,2429400
2020-01-24,20.4,20.42,20.23,20.4,4358500
2020-01-27,20.17,20.200001,19.969999,20.07,2921700
2020-01-28,20.190001,20.370001,20.18,20.33,2004500
2020-01-29,20.209999,20.26,20.110001,20.15,2067500
2020-01-30,19.610001,19.77,19.51,19.76,3235400
2020-01-31,19.690001,19.709999,19.540001,19.610001,1654600
2020-02-03,19.6,19.74,19.52,19.58,1772600
2020-02-04,19.75,19.780001,19.59,19.639999,2927600
2020-02-05,19.309999,19.35,18.780001,18.940001,5586600
2020-02-06,19.33,19.57,19.33,19.559999,3761600
2020-02-07,19.93,19.950001,19.67,19.690001,4180500
2020-02-10,19.52,19.540001,19.27,19.33,2101600
2020-02-11,19.4,19.52,19.360001,19.379999,2110700
2020-02-12,19.700001,19.77,19.629999,19.73,2308700
2020-02-13,19.629999,19.860001,19.610001,19.67,2062500
2020-02-14,19.58,19.58,19.43,19.459999,1541900
2020-02-18,19.51,20.219999,19.48,20.200001,8361700
2020-02-19,20.18,20.25,20.040001,20.040001,3322200
2020-02-20,20.030001,20.1,19.9,20.0,2714700
2020-02-21,20.02,20.08,19.940001,20.059999,1925400
2020-02-24,19.309999,19.459999,19.15,19.299999,2947600
2020-02-25,19.299999,19.33,18.74,18.82,2516800
2020-02-26,18.639999,18.93,18.610001,18.629999,2705800
2020-02-27,18.040001,18.379999,17.98,17.99,4687700
2020-02-28,17.209999,17.5,16.91,17.5,8288300
2020-03-02,17.01,17.360001,16.870001000000002,17.360001,7753100
2020-03-03,17.23,17.459999,16.76,16.879998999999998,5366200
2020-03-04,17.66,18.24,17.51,18.219999,4978800
2020-03-05,17.969998999999994,18.299999,17.83,18.049999,4682500
2020-03-06,17.66,17.870001000000006,17.5,17.76,2843100
2020-03-09,16.5,16.92,15.9,15.91,5375600
2020-03-10,16.33,16.4,15.62,16.139999,8574700
2020-03-11,15.29,15.4,14.82,14.97,5542800
2020-03-12,13.46,13.79,12.73,13.4,7672300
2020-03-13,13.94,13.97,12.98,13.7,6007200
2020-03-16,11.58,12.11,11.46,11.59,6378000
2020-03-17,11.78,13.21,11.6,13.08,6074400
2020-03-18,12.75,13.15,12.08,12.6,8357300
2020-03-19,12.94,13.92,12.85,13.65,9365300
2020-03-20,13.74,13.86,12.67,12.68,8081400
2020-03-23,12.92,13.05,12.41,12.54,9663300
2020-03-24,13.2,13.29,12.69,13.02,4741900
2020-03-25,13.51,14.08,13.33,13.64,4920100
2020-03-26,13.71,14.98,13.7,14.79,7670300
2020-03-27,14.27,14.62,13.8,14.32,3712000
2020-03-30,14.07,14.24,13.73,14.14,3840000
2020-03-31,13.92,14.21,13.58,13.77,5619800
2020-04-01,13.5,13.68,13.31,13.36,3958900
2020-04-02,13.49,14.25,13.27,13.61,4748800
2020-04-03,13.42,13.62,13.37,13.54,3035000
2020-04-06,14.2,14.37,14.1,14.31,2924200
2020-04-07,14.87,14.9,14.08,14.12,3168500
2020-04-08,13.91,13.97,13.62,13.85,4027100
2020-04-09,14.1,14.27,13.97,14.22,4325500
2020-04-13,14.25,14.27,14.0,14.17,1992700
2020-04-14,14.1,14.26,14.01,14.16,3062300
2020-04-15,13.64,13.7,13.49,13.54,2720400
2020-04-16,13.39,13.48,13.27,13.39,3606600
2020-04-17,13.7,13.82,13.5,13.78,5142700
2020-04-20,13.69,13.93,13.67,13.68,2713600
2020-04-21,13.23,13.31,13.0,13.06,3475400
2020-04-22,13.23,13.31,13.17,13.26,3141400
2020-04-23,13.4,13.49,13.21,13.21,3823500
2020-04-24,13.56,13.66,13.45,13.64,4307900
2020-04-27,13.7,13.86,13.6,13.84,3192000
2020-04-28,14.09,14.1,13.91,13.93,2500100
2020-04-29,14.63,14.93,14.58,14.86,5461200
2020-04-30,14.37,14.43,13.99,14.14,7580300
2020-05-01,14.04,14.05,13.52,13.61,8824900
2020-05-04,13.69,13.83,13.57,13.82,3536400
2020-05-05,14.0,14.1,13.9,13.92,2422800
2020-05-06,14.17,14.17,13.78,13.78,2885600
2020-05-07,13.85,13.97,13.76,13.89,2883500
2020-05-08,14.1,14.13,13.99,14.12,2054700
2020-05-11,13.94,14.15,13.84,14.02,4622900
2020-05-12,14.92,15.21,14.75,14.93,5871700
2020-05-13,15.38,15.38,14.69,14.87,7657900
2020-05-14,14.47,14.69,14.18,14.66,4896800
2020-05-15,14.8,14.87,14.6,14.73,3281600
2020-05-18,15.22,15.77,15.09,15.71,6546000
2020-05-19,15.6,15.7,15.44,15.46,8311600
2020-05-20,15.5,15.65,15.47,15.61,5015100
2020-05-21,15.92,16.01,15.72,15.73,2699400
2020-05-22,15.81,15.95,15.75,15.91,2461900
2020-05-26,15.8,16.08,15.79,15.94,3346400
2020-05-27,15.96,16.200001,15.93,16.200001,4198500
2020-05-28,16.559998999999998,16.66,16.5,16.5,3640500
2020-05-29,16.67,16.68,16.27,16.51,3370900
2020-06-01,16.690001000000002,16.93,16.66,16.879998999999998,2392800
2020-06-02,17.0,17.110001,16.9,16.98,2966400
2020-06-03,16.889999,17.290001,16.879998999999998,17.139999,3504600
2020-06-04,17.129998999999998,17.379998999999998,17.110001,17.26,2562900
2020-06-05,17.42,17.76,17.41,17.559998999999998,3892400
2020-06-08,18.01,18.18,17.92,18.16,3148500
2020-06-09,17.66,17.889999,17.610001,17.75,3781400
2020-06-10,17.469998999999998,17.6,17.309998999999998,17.450001,5843900
2020-06-11,16.17,16.219998999999998,15.59,15.61,5448500
2020-06-12,16.030001000000002,16.16,15.68,15.96,3401100
2020-06-15,15.53,16.0,15.47,15.94,3157700
2020-06-16,16.450001,16.559998999999998,16.139999,16.290001,2454800
2020-06-17,16.41,16.41,16.129998999999998,16.139999,1930400
2020-06-18,15.85,15.92,15.76,15.85,3259000
2020-06-19,16.0,16.01,15.61,15.65,2592500
2020-06-22,15.91,16.0,15.81,15.88,2221000
2020-06-23,16.16,16.25,16.01,16.01,2851400
2020-06-24,15.8,15.8,15.51,15.63,2258600
2020-06-25,15.68,15.93,15.65,15.89,1953900
2020-06-26,15.88,15.88,15.35,15.41,2978000
2020-06-29,15.59,15.75,15.51,15.74,1415200
2020-06-30,15.87,16.01,15.82,15.94,3002300
2020-07-01,15.87,16.02,15.84,16.0,2612200
2020-07-02,16.309998999999998,16.389999,16.02,16.059998999999998,2101700
2020-07-06,16.25,16.35,16.15,16.280001000000002,2309300
2020-07-07,16.059998999999998,16.08,15.84,15.86,1553800
2020-07-08,15.86,15.91,15.7,15.83,1558500
2020-07-09,15.73,15.73,15.38,15.49,2171600
2020-07-10,15.51,15.69,15.49,15.67,1678600
2020-07-13,15.74,15.77,15.44,15.46,2047900
2020-07-14,15.71,15.95,15.68,15.92,2789100
2020-07-15,16.07,16.15,15.94,16.09,2973700
2020-07-16,16.049999,16.129998999999998,15.94,15.96,2722600
2020-07-17,15.99,16.4,15.93,16.280001000000002,4763800
2020-07-20,16.43,16.440001000000002,16.280001000000002,16.309998999999998,2537300
2020-07-21,16.690001000000002,16.73,16.459999,16.559998999999998,4091800
2020-07-22,16.57,16.6,16.450001,16.59,2256600
2020-07-23,16.4,16.52,16.290001,16.34,2036100
2020-07-24,15.67,15.77,15.49,15.61,4773300
2020-07-27,15.45,15.64,15.34,15.62,2773100
2020-07-28,15.31,15.93,15.3,15.83,7461400
2020-07-29,15.87,16.15,15.84,16.1,5717300
2020-07-30,15.54,15.71,15.35,15.66,7295300
2020-07-31,15.7,15.71,15.1,15.2,5669400
2020-08-03,15.29,15.39,15.21,15.33,2447200
2020-08-04,15.36,15.59,15.33,15.54,3300600
2020-08-05,15.57,15.59,15.38,15.39,2251900
2020-08-06,15.27,15.44,15.25,15.42,2316600
2020-08-07,15.38,15.48,15.29,15.41,4556800
2020-08-10,15.28,15.55,15.28,15.5,5670200
2020-08-11,15.64,15.76,15.47,15.5,5922400
2020-08-12,15.74,15.85,15.67,15.75,3709700
2020-08-13,16.059998999999998,16.1,15.79,15.85,3538600
2020-08-14,15.72,15.8,15.59,15.59,2365500
2020-08-17,15.61,15.65,15.43,15.46,2922000
2020-08-18,15.68,15.72,15.54,15.58,2923600
2020-08-19,15.69,15.78,15.52,15.56,2038600
2020-08-20,15.23,15.34,15.16,15.27,2334900
2020-08-21,15.05,15.06,14.93,14.99,3062700
2020-08-24,15.23,15.4,15.17,15.39,2626200
2020-08-25,15.45,15.5,15.11,15.19,2614400
2020-08-26,15.17,15.24,15.05,15.23,2742600
2020-08-27,15.2,15.2,15.02,15.07,2340300
2020-08-28,15.04,15.05,14.86,14.94,2136100
2020-08-31,14.91,14.91,14.75,14.77,2267100
2020-09-01,14.5,14.54,14.35,14.49,4537500
2020-09-02,14.35,14.65,14.33,14.6,3733500
2020-09-03,14.61,14.74,14.34,14.39,5472400
2020-09-04,14.32,14.36,13.96,14.18,4336200
2020-09-08,14.08,14.25,13.92,14.08,5391500
2020-09-09,14.48,14.58,14.32,14.38,3806600
2020-09-10,14.36,14.42,13.97,13.97,3227300
2020-09-11,14.29,14.3,14.05,14.12,2985600
2020-09-14,14.19,14.28,14.16,14.16,2734100
2020-09-15,14.13,14.22,14.0,14.06,4765900
2020-09-16,14.18,14.4,14.13,14.2,3027600
2020-09-17,13.95,14.09,13.92,14.04,3197500
2020-09-18,14.25,14.3,13.91,14.03,6925000
2020-09-21,13.5,13.5,13.29,13.45,4336600
2020-09-22,13.5,13.61,13.31,13.42,3166800
2020-09-23,13.62,13.65,13.32,13.32,5367500
2020-09-24,13.34,13.58,13.21,13.46,5688600
2020-09-25,13.28,13.42,13.21,13.36,5706700
2020-09-28,13.44,13.57,13.43,13.48,4279000
2020-09-29,13.37,13.41,13.24,13.37,4628700
2020-09-30,13.39,13.53,13.37,13.42,3833200
2020-10-01,13.27,13.32,13.14,13.25,3591000
2020-10-02,13.16,13.52,13.15,13.46,2979000
2020-10-05,14.04,14.2,13.95,14.19,6282400
2020-10-06,14.49,14.51,14.2,14.23,4309500
2020-10-07,14.3,14.36,14.12,14.22,2174200
2020-10-08,14.51,14.63,14.44,14.57,3034800
2020-10-09,14.6,14.68,14.44,14.63,2258200
2020-10-12,14.73,14.83,14.66,14.77,2212900
2020-10-13,14.67,14.69,14.55,14.6,2635600
2020-10-14,14.43,14.5,14.33,14.37,1908300
2020-10-15,14.15,14.33,14.12,14.32,3918700
2020-10-16,14.11,14.34,14.1,14.28,4334700
2020-10-19,14.35,14.42,14.19,14.21,4436400
2020-10-20,14.41,14.59,14.39,14.46,3056400
2020-10-21,14.13,14.42,14.04,14.33,8730300
2020-10-22,14.25,14.58,14.25,14.55,6935700
2020-10-23,14.8,14.93,14.72,14.84,6918900
2020-10-26,14.62,14.62,14.41,14.52,4442400
2020-10-27,14.2,14.25,13.91,13.98,4558500
2020-10-28,13.45,13.56,13.28,13.43,6758900
2020-10-29,13.29,13.64,13.2,13.55,5912500
2020-10-30,13.49,13.53,13.33,13.51,3372600
2020-11-02,13.73,13.88,13.65,13.81,4291000
2020-11-03,13.94,14.06,13.87,13.92,3446500
2020-11-04,13.79,14.0,13.64,13.9,3659900
2020-11-05,14.0,14.21,14.0,14.11,3304900
2020-11-06,14.12,14.17,13.94,13.97,2573500
2020-11-09,15.09,15.14,14.85,14.89,5591100
2020-11-10,15.44,15.67,15.42,15.59,7813800
2020-11-11,15.6,15.7,15.48,15.69,4993600
2020-11-12,15.65,15.77,15.42,15.49,3666800
2020-11-13,15.71,16.120001000000002,15.69,16.120001000000002,4098300
2020-11-16,16.709999,17.0,16.67,16.74,7999300
2020-11-17,16.639999,16.67,16.290001,16.35,4081400
2020-11-18,16.35,16.540001,16.309998999999998,16.32,3092000
2020-11-19,16.219998999999998,16.35,16.17,16.34,2742300
2020-11-20,16.4,16.559998999999998,16.34,16.469998999999998,2923200
2020-11-23,16.48,16.5,16.280001000000002,16.389999,2553000
2020-11-24,16.66,16.93,16.65,16.860001,2364600
2020-11-25,16.809998999999998,16.83,16.700001,16.76,2493400
2020-11-27,16.77,16.860001,16.74,16.85,2006100
2020-11-30,16.780001000000002,16.809998999999998,16.559998999999998,16.58,2770800
2020-12-01,16.77,16.959999,16.76,16.84,3521200
2020-12-02,16.780001000000002,17.059998999999998,16.76,17.030001000000002,5048600
2020-12-03,17.190001000000002,17.24,17.08,17.120001000000002,3966700
2020-12-04,17.48,17.67,17.48,17.549999,4573300
2020-12-07,17.77,17.809998999999994,17.610001,17.809998999999994,3441200
2020-12-08,17.5,17.59,17.42,17.52,3441400
2020-12-09,17.93,18.049999,17.76,17.870001000000006,4958400
2020-12-10,17.76,17.950001,17.700001,17.799999,2891100
2020-12-11,17.549999,17.610001,17.200001,17.209999,5172300
2020-12-14,17.809998999999994,17.82,17.33,17.34,5138800
2020-12-15,17.6,17.6,17.35,17.559998999999998,4948000
2020-12-16,17.709999,17.74,17.57,17.610001,4251000
2020-12-17,17.16,17.190001000000002,17.030001000000002,17.120001000000002,5309000
2020-12-18,17.07,17.190001000000002,17.030001000000002,17.15,6170300
2020-12-21,16.219998999999998,16.450001,16.1,16.4,6533800
2020-12-22,16.280001000000002,16.32,16.200001,16.26,3123600
2020-12-23,16.620001000000002,16.75,16.610001,16.639999,2639700
2020-12-24,16.709999,16.77,16.59,16.709999,1064000
2020-12-28,16.83,16.85,16.719998999999998,16.75,2217100
2020-12-29,16.85,16.879998999999998,16.610001,16.639999,2686300
2020-12-30,16.790001,16.799999,16.620001000000002,16.65,2376700
2020-12-31,16.59,16.629998999999998,16.459999,16.48,4217800
2021-01-04,17.040001,17.129998999999998,16.790001,16.93,3698800
2021-01-05,16.85,17.16,16.85,17.120001000000002,3058100
2021-01-06,17.639999,17.809998999999994,17.530001000000002,17.620001000000006,3868400
2021-01-07,17.92,17.93,17.68,17.73,4455300
2021-01-08,17.6,17.620001000000006,17.35,17.540001,3651000
2021-01-11,17.33,17.48,17.299999,17.43,2629900
2021-01-12,17.190001000000002,17.219998999999998,17.049999,17.16,2882400
2021-01-13,17.530001000000002,17.610001,17.389999,17.450001,3072800
2021-01-14,17.58,17.75,17.549999,17.65,3250700
2021-01-15,17.389999,17.4,17.200001,17.360001,2713300
2021-01-19,17.299999,17.52,17.23,17.459999,3897600
2021-01-20,17.52,17.52,17.32,17.51,2251300
2021-01-21,17.67,17.700001,17.52,17.629998999999994,2609900
2021-01-22,17.549999,17.639999,17.440001000000002,17.58,1807400
2021-01-25,17.43,17.790001,17.389999,17.780001000000006,3161100
2021-01-26,17.799999,18.049999,17.76,17.99,4041300
2021-01-27,17.790001,17.799999,17.450001,17.52,4080900
2021-01-28,17.17,17.65,17.129998999999998,17.51,3596600
2021-01-29,17.360001,17.440001000000002,17.02,17.15,5599300
2021-02-01,17.4,17.51,17.26,17.450001,3786300
2021-02-02,17.440001000000002,17.57,17.41,17.540001,2610600
2021-02-03,18.41,18.82,18.35,18.790001,9626600
2021-02-04,18.700001,18.83,18.59,18.799999,4120700
2021-02-05,18.450001,18.67,18.450001,18.59,6253400
2021-02-08,18.549999,18.59,18.309999,18.450001,5376200
2021-02-09,18.5,18.51,18.4,18.469999,2155400
2021-02-10,18.559999,18.66,18.440001,18.530001,2035200
2021-02-11,18.65,18.700001,18.51,18.690001,2504700
