transformer,encoder,model,split_number,fit_time,score_time,test_r2,train_r2,test_mean_absolute_error,train_mean_absolute_error,test_mean_squared_error,train_mean_squared_error,test_root_mean_squared_error,train_root_mean_squared_error,test_mean_absolute_percentage_error,train_mean_absolute_percentage_error
StandardScaler,OneHotEncoder,LinearRegression,0,3.2763161659240723,0.06395077705383301,0.9821506137140537,0.9821762082679627,0.2469988894622268,0.24713134401076117,0.10990973632722688,0.10911518112440437,0.33152637350175757,0.33032587110973366,88192681766041.33,87333473843394.81
StandardScaler,OneHotEncoder,LinearRegression,1,2.8860743045806885,0.05788683891296387,0.9820613368643715,0.9821975172936879,0.24746918760592515,0.24700810267955622,0.10993589888635537,0.10911480543721402,0.33156582888825464,0.33032530244777497,87808068201742.05,87099902512618.12
StandardScaler,OneHotEncoder,LinearRegression,2,3.0028483867645264,0.052826881408691406,0.9820588891733124,0.9821973654421883,0.24748858739177385,0.24697174583917914,0.1091306290927737,0.10931848767162257,0.3303492532045043,0.33063346423437323,86473774730449.77,87656628645618.81
StandardScaler,OneHotEncoder,LinearRegression,3,2.8920531272888184,0.059972286224365234,0.982176176022267,0.9821704760457791,0.24706135947818086,0.24712633691370592,0.10881641646770496,0.10938440652397878,0.3298733339748834,0.33073313490483347,87436080252714.98,87656052747775.52
StandardScaler,OneHotEncoder,LinearRegression,4,2.8106441497802734,0.05258679389953613,0.9823865795791173,0.982116739523718,0.2465251142682581,0.24717553155986108,0.10869341158458573,0.10941897279653771,0.3296868386584241,0.33078538782198,87130469081088.97,87294300473423.05
StandardScaler,OneHotEncoder,DecisionTreeRegressor,0,7.367219686508179,0.09007787704467773,0.9960361142010357,0.9999165684957387,0.08280242891800807,0.0010759096947057954,0.024408102105921224,0.0005107579709082998,0.15623092557468007,0.022599955108546118,1950195972145.1616,0.00016239817890139455
StandardScaler,OneHotEncoder,DecisionTreeRegressor,1,7.9055774211883545,0.09056711196899414,0.9960293521874778,0.9999148518829599,0.08280315972482333,0.0010933883712798062,0.024333849915704548,0.0005218890183714558,0.1559931085519631,0.022844890421524367,1731385910477.7222,0.00016503533502301254
StandardScaler,OneHotEncoder,DecisionTreeRegressor,2,7.525107383728027,0.090606689453125,0.9960226540369687,0.9999186141659571,0.08328897852918135,0.001069996572030755,0.024193054223797746,0.0004997561606160964,0.15554116568869394,0.022355226695699074,1198452194863.977,0.00016145371071818083
StandardScaler,OneHotEncoder,DecisionTreeRegressor,3,7.629215955734253,0.10787224769592285,0.9961097337695306,0.9999180704120756,0.08313560859568359,0.0010670876024401618,0.023750505549979622,0.0005026392950748045,0.1541119902862189,0.02241961853098318,1375402150386.8328,0.00016096904446562255
StandardScaler,OneHotEncoder,DecisionTreeRegressor,4,7.635653734207153,0.08900046348571777,0.9964650681476618,0.9999215763086832,0.08248610084290948,0.001034651498057063,0.021814263985552876,0.00047983642346292226,0.1476965266536518,0.02190516887547143,1131899675751.2783,0.00015598089529348204
StandardScaler,OneHotEncoder,GradientBoostingRegressor,0,106.97750234603882,0.3259904384613037,0.9856195775769535,0.9856978254267992,0.2129622381139779,0.2125476865406226,0.08854917538737048,0.0875562502350491,0.2975721347629352,0.29589905413003453,24858662647675.156,23783767062998.87
StandardScaler,OneHotEncoder,GradientBoostingRegressor,1,117.76731467247009,0.3764054775238037,0.9854677336313555,0.985580870209836,0.2134209912618805,0.21333838388664872,0.08906002381636803,0.08837759134965108,0.29842926099222916,0.29728368833430985,23828308773870.656,23458241861007.26
StandardScaler,OneHotEncoder,GradientBoostingRegressor,2,120.3270947933197,0.3837919235229492,0.9854450829802516,0.985574839415396,0.21393273074627142,0.2131323889462658,0.08853338380784763,0.0885788412051213,0.2975455995437466,0.2976219770197109,22779337138969.652,23655448714843.363
StandardScaler,OneHotEncoder,GradientBoostingRegressor,3,117.59814238548279,0.4052603244781494,0.9856919606190158,0.9856392916381235,0.2123699212939873,0.2127285214790348,0.08735216270439952,0.08810316896071299,0.2955539928750744,0.29682177979506996,23350298145000.293,23375164300370.465
StandardScaler,OneHotEncoder,GradientBoostingRegressor,4,117.68206810951233,0.37539076805114746,0.9856987841690794,0.9854809747521996,0.21327105623708711,0.21382647153786552,0.08825361010671623,0.08883485372973828,0.29707509169689106,0.29805176350717716,24045648386783.836,24383580655230.617
StandardScaler,HelmertEncoder,LinearRegression,0,2.4650864601135254,0.04616808891296387,0.9821502423276746,0.9821755798835216,0.24701873744771233,0.24715938937812534,0.10991202318338812,0.10911902802090932,0.3315298224645682,0.33033169393945433,88318253104459.77,87471449591403.36
StandardScaler,HelmertEncoder,LinearRegression,1,2.4834423065185547,0.04866814613342285,0.9820596870421556,0.9821955252540774,0.24755070192797543,0.24709094848742277,0.10994600971161182,0.10912701502719696,0.3315810756234617,0.3303437830914893,88375548900127.84,87649670768743.48
StandardScaler,HelmertEncoder,LinearRegression,2,2.469940662384033,0.048331260681152344,0.9820599553082392,0.9821981982648835,0.24750066283805996,0.24697385551979395,0.1091241440999338,0.10931337365789369,0.3303394376999722,0.33062573048372035,86479751457698.45,87643785146108.8
StandardScaler,HelmertEncoder,LinearRegression,3,2.4430227279663086,0.042601823806762695,0.9821748396700566,0.9821699494009092,0.24708171825186162,0.24712984206704883,0.1088245750457328,0.10938763749843945,0.32988569997157013,0.33073801943296366,87466763428978.81,87671461559594.0
StandardScaler,HelmertEncoder,LinearRegression,4,2.4868979454040527,0.06447625160217285,0.9823863925027752,0.9821167020098892,0.2465237594993591,0.24717298930142345,0.1086945660432526,0.10941920232541039,0.3296885894950758,0.3307857347671002,87134406944486.44,87299293198890.38
StandardScaler,HelmertEncoder,DecisionTreeRegressor,0,9.679214715957642,0.1044304370880127,0.9959511383336547,0.9999165684957387,0.08339569738286995,0.0010759096947057954,0.024931351198545594,0.0005107579709082998,0.1578966472048903,0.022599955108546118,2183824829977.154,0.00016239817890139458
StandardScaler,HelmertEncoder,DecisionTreeRegressor,1,9.677643775939941,0.10933256149291992,0.9959823091996137,0.9999148518829599,0.08314733576968054,0.001093388371279806,0.02462214972478345,0.0005218890183714558,0.15691446626995056,0.022844890421524367,1937155560313.535,0.00016503533502301251
StandardScaler,HelmertEncoder,DecisionTreeRegressor,2,9.650521278381348,0.10585379600524902,0.9960346096764029,0.9999186141659571,0.08322686256989875,0.0010699965720307547,0.024120331499699665,0.0004997561606160964,0.1553072165087626,0.022355226695699074,1182058853581.082,0.00016145371071818083
StandardScaler,HelmertEncoder,DecisionTreeRegressor,3,9.669981956481934,0.10402774810791016,0.9959186226723831,0.9999180704120756,0.08315332875785313,0.0010670876024401618,0.02491725993247297,0.0005026392950748045,0.15785201909533172,0.02241961853098318,1388895860409.0598,0.00016096904446562255
StandardScaler,HelmertEncoder,DecisionTreeRegressor,4,9.738649606704712,0.10671687126159668,0.9964690135139306,0.9999215763086832,0.08245036779966966,0.001034651498057063,0.02178991690761646,0.00047983642346292226,0.1476140809937062,0.02190516887547143,1157509735300.1194,0.00015598089529348204
StandardScaler,HelmertEncoder,GradientBoostingRegressor,0,129.66242957115173,0.3405032157897949,0.9856612039069803,0.9857263696505838,0.21271692226113775,0.2123698263289757,0.08829285626892976,0.08738150581505513,0.29714113863436975,0.29560362957016467,24104621296993.168,23097621712889.266
StandardScaler,HelmertEncoder,GradientBoostingRegressor,1,129.05389547348022,0.368131160736084,0.9856303156280212,0.9857396696233666,0.21239531177387372,0.21234418043469697,0.08806365090880855,0.08740427951462355,0.29675520367604097,0.295642147730366,22761889906975.65,22386324691989.85
StandardScaler,HelmertEncoder,GradientBoostingRegressor,2,128.1654829978943,0.335848331451416,0.9856338248176716,0.9857539687012091,0.21293368550120087,0.2121506099138191,0.08738532136886351,0.08747888363652662,0.29561008333421834,0.2957682938323961,22545536637394.402,23438256977149.742
StandardScaler,HelmertEncoder,GradientBoostingRegressor,3,127.91032409667969,0.33406996726989746,0.9858833608394111,0.9858409253799129,0.2117794022642531,0.21210187060121713,0.08618364319250518,0.08686614282151395,0.2935705080427957,0.29473062755932566,24660230498073.727,24798597684306.27
StandardScaler,HelmertEncoder,GradientBoostingRegressor,4,126.34387588500977,0.3022799491882324,0.9859289805157914,0.9857113216292529,0.21213961779424276,0.2127046774565363,0.08683305545801348,0.0874254732251325,0.2946744906808417,0.29567798907786913,24588778377633.77,24843156570735.414
StandardScaler,SumEncoder,LinearRegression,0,2.283872127532959,0.047330617904663086,0.9821511528790005,0.9821768084126071,0.24705819455741257,0.24718597280376473,0.10990641635441761,0.10911150710865308,0.3315213663618344,0.33032030986400623,88678040426615.14,87812401662272.1
StandardScaler,SumEncoder,LinearRegression,1,2.604426145553589,0.08968377113342285,0.9820625669444122,0.9821980474193119,0.2475024491066425,0.24704183019747303,0.109928360422984,0.1091115561963483,0.3315544607194782,0.3303203841671723,88129894301048.69,87411951603661.1
StandardScaler,SumEncoder,LinearRegression,2,2.8297781944274902,0.05278420448303223,0.9820603132006411,0.9821983864498489,0.24749566545604706,0.24697054879549465,0.1091219671431469,0.10931221809320711,0.3303361426534295,0.33062398293712314,86447104751564.17,87616741276668.61
StandardScaler,SumEncoder,LinearRegression,3,2.621610403060913,0.058977365493774414,0.9821748823679071,0.9821699645864985,0.2470766097007756,0.24712616825686537,0.108824314370634,0.10938754433461322,0.3298853048722146,0.33073787859060416,87430289937145.17,87637102331552.14
StandardScaler,SumEncoder,LinearRegression,4,2.3413329124450684,0.0643148422241211,0.982385989884378,0.9821164279641871,0.24649693014546656,0.24714544048385212,0.10869705062410717,0.10942087907777127,0.3296923575457993,0.3307882692565915,86901518212662.44,87061907474659.98
StandardScaler,SumEncoder,DecisionTreeRegressor,0,7.797099590301514,0.08898758888244629,0.9961455354773087,0.9999165684957387,0.0825962214877673,0.0010759096947057954,0.02373432747686155,0.0005107579709082998,0.15405949330327406,0.022599955108546118,1940050723034.3228,0.00016239817890139455
StandardScaler,SumEncoder,DecisionTreeRegressor,1,7.834411859512329,0.0969839096069336,0.9961047764914468,0.9999148518829599,0.08276014354353771,0.0010933883712798062,0.023871617106491355,0.0005218890183714558,0.15450442422950664,0.022844890421524367,1731156602266.659,0.00016503533502301251
StandardScaler,SumEncoder,DecisionTreeRegressor,2,7.897655725479126,0.0990912914276123,0.9959978239509708,0.9999186141659571,0.0833677419109324,0.001069996572030755,0.024344088512117175,0.0004997561606160964,0.1560259225645443,0.022355226695699074,1194219054866.6326,0.00016145371071818083
StandardScaler,SumEncoder,DecisionTreeRegressor,3,8.080948829650879,0.10079336166381836,0.9961952212456322,0.9999180704120756,0.08302455551747816,0.0010670876024401618,0.023228595054573736,0.0005026392950748045,0.15240930107632453,0.02241961853098318,1354267449367.115,0.00016096904446562252
StandardScaler,SumEncoder,DecisionTreeRegressor,4,8.272212266921997,0.09838080406188965,0.9964925040975088,0.9999215763086832,0.08258321395922004,0.001034651498057063,0.021644955190459586,0.00047983642346292226,0.147122245736189,0.02190516887547143,1133045111356.3352,0.00015598089529348204
StandardScaler,SumEncoder,GradientBoostingRegressor,0,110.58197045326233,0.3200185298919678,0.9856195775769535,0.9856978254267993,0.2129622381139764,0.2125476865406213,0.08854917538737006,0.08755625023504869,0.29757213476293454,0.2958990541300338,24858662647668.11,23783767062993.312
StandardScaler,SumEncoder,GradientBoostingRegressor,1,105.40462684631348,0.3029012680053711,0.9854677336313555,0.985580870209836,0.21342099126188083,0.21333838388664914,0.08906002381636803,0.08837759134965105,0.29842926099222916,0.2972836883343098,23828308773872.4,23458241861008.977
StandardScaler,SumEncoder,GradientBoostingRegressor,2,109.52298140525818,0.36840081214904785,0.9854450829802516,0.985574839415396,0.21393273074627223,0.2131323889462665,0.08853338380784774,0.08857884120512143,0.2975455995437468,0.29762197701971105,22779337138972.45,23655448714846.16
StandardScaler,SumEncoder,GradientBoostingRegressor,3,106.25760555267334,0.31194448471069336,0.9856919606190157,0.9856392916381234,0.21236992129398743,0.21272852147903482,0.0873521627043998,0.08810316896071325,0.29555399287507483,0.2968217797950704,23350298145000.152,23375164300369.973
StandardScaler,SumEncoder,GradientBoostingRegressor,4,103.66383624076843,0.3238694667816162,0.9856987841690793,0.9854809747521996,0.21327105623708698,0.21382647153786544,0.08825361010671631,0.08883485372973834,0.29707509169689117,0.29805176350717727,24045648386783.27,24383580655229.977
MinMaxScaler,OneHotEncoder,LinearRegression,0,2.9088315963745117,0.07322406768798828,0.9821488527553879,0.9821750700465979,0.2471221740937347,0.24723521008669033,0.10992057964136348,0.10912214918329181,0.3315427267206498,0.3303364181910493,89000740729637.48,88124122871048.25
MinMaxScaler,OneHotEncoder,LinearRegression,1,2.8609397411346436,0.05331993103027344,0.9820622186703092,0.9821973809078057,0.24752584519797927,0.24706799743695995,0.10993049479756252,0.1091156413722486,0.33155767944290254,0.3303265677662767,88192398870178.73,87466614351653.53
MinMaxScaler,OneHotEncoder,LinearRegression,2,2.8226888179779053,0.05344271659851074,0.9820587708170279,0.9821971490944694,0.24749097120773778,0.2469628841854127,0.10913134902009147,0.10931981617192735,0.33035034284845455,0.3306354732510221,86339768062573.97,87531495287074.02
MinMaxScaler,OneHotEncoder,LinearRegression,3,2.8976991176605225,0.059857845306396484,0.9821750247988498,0.9821695728221188,0.24707445990929036,0.24712323811763262,0.10882344481397757,0.10938994781517007,0.329883986901422,0.33074151208333386,87376442735198.95,87580432384054.92
MinMaxScaler,OneHotEncoder,LinearRegression,4,2.8924388885498047,0.05284881591796875,0.982386019068504,0.982116081380672,0.24649782806428663,0.24715054252772892,0.10869687052721808,0.10942299965372919,0.3296920844169876,0.33079147457836516,86999072621083.7,87163743632488.2
MinMaxScaler,OneHotEncoder,DecisionTreeRegressor,0,7.753049850463867,0.09402704238891602,0.996111682824191,0.9999165684957387,0.08277384231875368,0.0010759096947057954,0.02394277924761323,0.0005107579709082998,0.15473454445473134,0.022599955108546118,1948977478970.206,0.00016239817890139455
MinMaxScaler,OneHotEncoder,DecisionTreeRegressor,1,7.839086294174194,0.09319734573364258,0.9961590388452586,0.9999148518829599,0.08265198255167051,0.0010933883712798062,0.023539073895389916,0.0005218890183714558,0.1534244892296856,0.022844890421524367,1731486331240.468,0.00016503533502301254
MinMaxScaler,OneHotEncoder,DecisionTreeRegressor,2,7.784738302230835,0.09366416931152344,0.9959720677640894,0.9999186141659571,0.08345800522133004,0.001069996572030755,0.024500756006373935,0.0004997561606160964,0.1565271733801321,0.022355226695699074,1194017718082.584,0.00016145371071818083
MinMaxScaler,OneHotEncoder,DecisionTreeRegressor,3,7.88911247253418,0.09413862228393555,0.9961371336513029,0.9999180704120756,0.08300477436413924,0.0010670876024401618,0.02358322624168895,0.0005026392950748045,0.15356831132004073,0.02241961853098318,1383925874360.0771,0.00016096904446562252
MinMaxScaler,OneHotEncoder,DecisionTreeRegressor,4,8.101483821868896,0.09711122512817383,0.9964135814845655,0.9999215763086832,0.08270667568901201,0.001034651498057063,0.022131991089619465,0.00047983642346292226,0.14876824624098875,0.02190516887547143,1132616764680.9495,0.00015598089529348204
MinMaxScaler,OneHotEncoder,GradientBoostingRegressor,0,107.54644250869751,0.32065486907958984,0.9856195708356047,0.9856978254267992,0.2129626176625972,0.21254768654062212,0.0885492168980339,0.08755625023504894,0.2975722045118359,0.29589905413003426,24859681331290.97,23783767062996.93
MinMaxScaler,OneHotEncoder,GradientBoostingRegressor,1,108.84750962257385,0.35622262954711914,0.9854677336313555,0.985580870209836,0.21342099126188055,0.21333838388664886,0.08906002381636804,0.08837759134965108,0.29842926099222916,0.29728368833430985,23828308773871.04,23458241861007.645
MinMaxScaler,OneHotEncoder,GradientBoostingRegressor,2,114.02917313575745,0.3288438320159912,0.9854450829802516,0.985574839415396,0.21393273074627142,0.2131323889462658,0.08853338380784767,0.08857884120512137,0.2975455995437467,0.297621977019711,22779337138969.645,23655448714843.344
MinMaxScaler,OneHotEncoder,GradientBoostingRegressor,3,113.74558067321777,0.33219289779663086,0.9856919580327232,0.9856392916381235,0.21236999144523533,0.21272852147903515,0.08735217849400109,0.08810316896071303,0.2955540195869464,0.29682177979507,23350298145002.402,23375164300372.445
MinMaxScaler,OneHotEncoder,GradientBoostingRegressor,4,110.14103674888611,0.39573192596435547,0.9856987841690794,0.9854809747521996,0.21327105623708678,0.21382647153786524,0.08825361010671613,0.08883485372973819,0.2970750916968909,0.29805176350717705,24045648386782.51,24383580655229.11
MinMaxScaler,HelmertEncoder,LinearRegression,0,2.2004802227020264,0.04760432243347168,0.9821506556890344,0.9821760295336059,0.24700802470957012,0.24714402788074336,0.10990947786125002,0.1091162753153604,0.33152598368943875,0.3303275273351593,88252313787741.1,87396827068912.12
MinMaxScaler,HelmertEncoder,LinearRegression,1,2.2231178283691406,0.03886556625366211,0.9820625607089223,0.9821980688115981,0.2475091655833336,0.24704834719207427,0.109928398636767,0.10911142507895413,0.3315545183476874,0.3303201856970811,88178758312364.34,87461078662755.86
MinMaxScaler,HelmertEncoder,LinearRegression,2,2.2043511867523193,0.039360761642456055,0.9820595275810645,0.9821973568397526,0.24750642507228363,0.2469841191900653,0.1091267458416042,0.10931854049556043,0.33034337565872907,0.33063354411729073,86551912996090.08,87711345384034.06
MinMaxScaler,HelmertEncoder,LinearRegression,3,2.2541210651397705,0.05386996269226074,0.9821748874153597,0.982169969397288,0.24707551935591726,0.24712509546415246,0.10882428355537713,0.10938751482034524,0.329885258166195,0.3307378339717808,87425143215394.2,87632093924161.36
MinMaxScaler,HelmertEncoder,LinearRegression,4,2.223952054977417,0.03919625282287598,0.9823866970931034,0.9821166699486634,0.2465221310764955,0.24717387384831827,0.10869268639914445,0.10941939849245703,0.32968573884707914,0.33078603128375456,87102162389888.23,87263260882215.75
MinMaxScaler,HelmertEncoder,DecisionTreeRegressor,0,8.826696872711182,0.09146475791931152,0.9959984669978462,0.9999165684957387,0.08326636038028067,0.0010759096947057954,0.024639919273734094,0.0005107579709082998,0.15697107782561123,0.022599955108546118,2184552105355.8972,0.00016239817890139458
MinMaxScaler,HelmertEncoder,DecisionTreeRegressor,1,8.882621765136719,0.09249567985534668,0.9959583226798785,0.9999148518829599,0.08320563000187883,0.001093388371279806,0.024769149508898917,0.0005218890183714558,0.15738217659220155,0.022844890421524367,1937155560313.535,0.00016503533502301251
MinMaxScaler,HelmertEncoder,DecisionTreeRegressor,2,9.131194114685059,0.11518526077270508,0.9959683087560646,0.9999186141659571,0.08328019050083371,0.0010699965720307547,0.0245236209735699,0.0004997561606160964,0.15660019467922096,0.022355226695699074,1193286570632.4153,0.00016145371071818083
MinMaxScaler,HelmertEncoder,DecisionTreeRegressor,3,9.497220516204834,0.09839344024658203,0.9961369875340641,0.9999180704120756,0.08288004912612218,0.0010670876024401618,0.02358411830358961,0.0005026392950748045,0.15357121573911436,0.02241961853098318,1406854355630.484,0.00016096904446562255
MinMaxScaler,HelmertEncoder,DecisionTreeRegressor,4,9.186799049377441,0.09990429878234863,0.9964172685434066,0.9999215763086832,0.08242297246483225,0.001034651498057063,0.022109238041399543,0.00047983642346292226,0.1486917551224665,0.02190516887547143,1166852874820.2039,0.00015598089529348204
MinMaxScaler,HelmertEncoder,GradientBoostingRegressor,0,118.94403910636902,0.30863237380981445,0.9856612039069803,0.9857263696505838,0.21271692226114,0.21236982632897772,0.0882928562689299,0.08738150581505524,0.29714113863437003,0.29560362957016484,24104621297003.31,23097621712898.277
MinMaxScaler,HelmertEncoder,GradientBoostingRegressor,1,117.94999837875366,0.3064279556274414,0.9856303156280212,0.9857396696233666,0.21239531177387347,0.21234418043469672,0.08806365090880852,0.08740427951462354,0.2967552036760409,0.29564214773036596,22761889906974.156,22386324691988.344
MinMaxScaler,HelmertEncoder,GradientBoostingRegressor,2,119.3260383605957,0.3513643741607666,0.9856338248176716,0.9857539687012091,0.2129336855012027,0.21215060991382106,0.08738532136886373,0.08747888363652687,0.29561008333421873,0.29576829383239656,22545536637402.48,23438256977157.934
MinMaxScaler,HelmertEncoder,GradientBoostingRegressor,3,120.64500212669373,0.3030884265899658,0.9858833800165392,0.9858409253799129,0.2117791825164998,0.21210187060121746,0.08618352611401714,0.08686614282151395,0.2935703086383518,0.29473062755932566,24660230498075.113,24798597684307.625
MinMaxScaler,HelmertEncoder,GradientBoostingRegressor,4,124.71414613723755,0.302065372467041,0.9859289805157914,0.9857113216292528,0.21213961779424512,0.21270467745653848,0.08683305545801381,0.08742547322513286,0.2946744906808423,0.29567798907786974,24588778377643.39,24843156570744.797
MinMaxScaler,SumEncoder,LinearRegression,0,2.626821756362915,0.07258248329162598,0.9821506134426837,0.9821762031106801,0.24698504376601116,0.24711842626943606,0.10990973799822001,0.10911521269668908,0.3315263760219087,0.33032591889933355,88118227778792.5,87260926150655.3
MinMaxScaler,SumEncoder,LinearRegression,1,2.538252592086792,0.05060148239135742,0.9820626991050462,0.9821981780154301,0.2475036451842393,0.24704332717857191,0.10992755048536582,0.10911075574787946,0.3315532392925242,0.3303191725405588,88155463140148.23,87438300707454.67
MinMaxScaler,SumEncoder,LinearRegression,2,2.4705710411071777,0.06903219223022461,0.9820603932133696,0.9821983636519188,0.2474863800041564,0.24696228567913928,0.109121480448679,0.10931235808570267,0.33033540598712546,0.3306241946465846,86394618865895.0,87566007831669.55
MinMaxScaler,SumEncoder,LinearRegression,3,2.3549394607543945,0.06337118148803711,0.9821748935403808,0.9821699785726064,0.24707592087685826,0.24712544121485358,0.10882424616144655,0.1093874585296237,0.3298852014890128,0.3307377488730667,87427210256238.34,87634056982868.03
MinMaxScaler,SumEncoder,LinearRegression,4,2.516303062438965,0.04042649269104004,0.9823865953617443,0.9821167427946484,0.24652507991894987,0.24717545791697298,0.10869331418910355,0.10941895278330598,0.3296866909493065,0.33078535757089667,87127560259039.16,87290548972223.31
MinMaxScaler,SumEncoder,DecisionTreeRegressor,0,8.138985395431519,0.09756588935852051,0.9961541961741681,0.9999165684957387,0.08281656071788633,0.0010759096947057954,0.02368099819746899,0.0005107579709082998,0.153886315822652,0.022599955108546118,1939960771444.5762,0.00016239817890139455
MinMaxScaler,SumEncoder,DecisionTreeRegressor,1,8.766480445861816,0.0988306999206543,0.99614667672434,0.9999148518829599,0.08282975126059997,0.0010933883712798062,0.023614834327762124,0.0005218890183714558,0.15367118899703394,0.022844890421524367,1721545691364.2126,0.00016503533502301254
MinMaxScaler,SumEncoder,DecisionTreeRegressor,2,8.897858381271362,0.09323859214782715,0.9959694253867052,0.9999186141659571,0.08352339510093215,0.001069996572030755,0.0245168288297919,0.0004997561606160964,0.15657850692158198,0.022355226695699074,1198621263509.1682,0.0001614537107181808
MinMaxScaler,SumEncoder,DecisionTreeRegressor,3,7.853409290313721,0.0902242660522461,0.9961213178928684,0.9999180704120756,0.08314315091562381,0.0010670876024401618,0.023679783195948725,0.0005026392950748045,0.15388236804763802,0.02241961853098318,1384801562708.1455,0.00016096904446562255
MinMaxScaler,SumEncoder,DecisionTreeRegressor,4,7.985873699188232,0.11475801467895508,0.9964042769944021,0.9999215763086832,0.08273316396157036,0.001034651498057063,0.02218940962359825,0.00047983642346292226,0.1489611010418433,0.02190516887547143,1131899675751.2783,0.00015598089529348204
MinMaxScaler,SumEncoder,GradientBoostingRegressor,0,111.10606694221497,0.3100402355194092,0.9856195708356048,0.9856978254267993,0.2129626176625942,0.21254768654061929,0.08854921689803338,0.08755625023504844,0.297572204511835,0.2958990541300334,24859681331277.367,23783767062983.766
MinMaxScaler,SumEncoder,GradientBoostingRegressor,1,106.92267894744873,0.3012862205505371,0.9854677336313555,0.985580870209836,0.21342099126187997,0.2133383838866481,0.08906002381636789,0.0883775913496509,0.29842926099222894,0.29728368833430957,23828308773868.637,23458241861004.938
MinMaxScaler,SumEncoder,GradientBoostingRegressor,2,107.17709040641785,0.3947782516479492,0.9854450829802515,0.9855748394153959,0.2139327307462781,0.21313238894627248,0.08853338380784848,0.08857884120512212,0.29754559954374804,0.2976219770197122,22779337138998.242,23655448714872.195
MinMaxScaler,SumEncoder,GradientBoostingRegressor,3,110.5821225643158,0.31212544441223145,0.9856919580327232,0.9856392916381234,0.21236999144523608,0.21272852147903576,0.08735217849400129,0.08810316896071325,0.2955540195869467,0.2968217797950704,23350298145005.598,23375164300375.098
MinMaxScaler,SumEncoder,GradientBoostingRegressor,4,107.61873888969421,0.31258535385131836,0.9856987841690793,0.9854809747521996,0.21327105623708706,0.21382647153786552,0.08825361010671635,0.08883485372973836,0.2970750916968913,0.2980517635071773,24045648386783.65,24383580655230.38
RobustScaler,OneHotEncoder,LinearRegression,0,2.8713929653167725,0.05976080894470215,0.9821500669762868,0.982176060144026,0.24699395292980283,0.24712510200212856,0.10991310293058384,0.10911608792192638,0.3315314508920441,0.3303272436871146,88158119175751.67,87303927481202.11
RobustScaler,OneHotEncoder,LinearRegression,1,2.8458497524261475,0.06509208679199219,0.9820625562469959,0.9821980686736665,0.24750907128116822,0.24704824674112502,0.10992842598138508,0.1091114259243629,0.3315545595846709,0.33032018697676185,88176939281954.36,87459256295764.69
RobustScaler,OneHotEncoder,LinearRegression,2,2.842683792114258,0.05668759346008301,0.9820604652110996,0.9821983947106114,0.24749681576565952,0.24697376264233442,0.10912104250714626,0.10931216736734056,0.33033474311241656,0.33062390622479276,86471245397252.78,87643538523189.8
RobustScaler,OneHotEncoder,LinearRegression,3,2.8807239532470703,0.05762124061584473,0.982174887127148,0.9821699695588194,0.24707549943188373,0.2471250716580488,0.10882428531494188,0.10938751382934686,0.3298852608331295,0.33073783247361777,87424844838674.36,87631771412603.66
RobustScaler,OneHotEncoder,LinearRegression,4,2.9202659130096436,0.06351184844970703,0.9823858767396683,0.9821162941542656,0.24653609970700557,0.24717858023894915,0.10869774884649683,0.10942169779559886,0.3296934164439697,0.330789506779763,87204426748219.58,87374036995880.14
RobustScaler,OneHotEncoder,DecisionTreeRegressor,0,7.730443716049194,0.09411334991455078,0.9960717575372776,0.9999165684957387,0.08280453808136133,0.0010759096947057954,0.024188623989115986,0.0005107579709082998,0.15552692367920093,0.022599955108546118,1948315620476.683,0.00016239817890139455
RobustScaler,OneHotEncoder,DecisionTreeRegressor,1,7.691516876220703,0.1078944206237793,0.9962114146812381,0.9999148518829599,0.08261605864744846,0.0010933883712798062,0.02321809208282167,0.0005218890183714558,0.15237484071467203,0.022844890421524367,1719173104913.612,0.00016503533502301254
RobustScaler,OneHotEncoder,DecisionTreeRegressor,2,7.746597528457642,0.09332704544067383,0.9959554690483371,0.9999186141659571,0.08347008900149808,0.001069996572030755,0.02460172123141962,0.0004997561606160964,0.15684935840295816,0.022355226695699074,1198653531648.026,0.00016145371071818083
RobustScaler,OneHotEncoder,DecisionTreeRegressor,3,7.6882004737854,0.09485840797424316,0.9961417253246171,0.9999180704120756,0.08313213472412798,0.0010670876024401618,0.02355519356832591,0.0005026392950748045,0.15347701315938458,0.02241961853098318,1366151476942.1172,0.00016096904446562255
RobustScaler,OneHotEncoder,DecisionTreeRegressor,4,7.717797517776489,0.09811139106750488,0.9964419267632415,0.9999215763086832,0.08265603261947739,0.001034651498057063,0.02195707077499648,0.00047983642346292226,0.1481791846886616,0.02190516887547143,1156301963697.2388,0.00015598089529348204
RobustScaler,OneHotEncoder,GradientBoostingRegressor,0,108.80616784095764,0.35001397132873535,0.9856195708356046,0.9856978254267992,0.21296261766259833,0.21254768654062262,0.08854921689803437,0.0875562502350494,0.2975722045118367,0.29589905413003503,24859681331296.027,23783767062999.227
RobustScaler,OneHotEncoder,GradientBoostingRegressor,1,110.16724419593811,0.3442816734313965,0.9854677336313555,0.985580870209836,0.2134209912618805,0.21333838388664866,0.08906002381636804,0.08837759134965108,0.29842926099222916,0.29728368833430985,23828308773870.42,23458241861007.023
RobustScaler,OneHotEncoder,GradientBoostingRegressor,2,111.3952853679657,0.3411860466003418,0.9854450829802515,0.9855748394153959,0.21393273074627703,0.2131323889462712,0.08853338380784839,0.08857884120512204,0.29754559954374793,0.2976219770197121,22779337138993.19,23655448714866.902
RobustScaler,OneHotEncoder,GradientBoostingRegressor,3,112.4347095489502,0.3843410015106201,0.9856919606190158,0.9856392916381235,0.2123699212939882,0.21272852147903568,0.0873521627043997,0.08810316896071317,0.29555399287507467,0.29682177979507024,23350298145004.707,23375164300374.74
RobustScaler,OneHotEncoder,GradientBoostingRegressor,4,114.88460206985474,0.35922932624816895,0.9856987841690793,0.9854809747521995,0.21327105623708895,0.21382647153786719,0.08825361010671638,0.08883485372973839,0.29707509169689134,0.2980517635071774,24045648386792.23,24383580655237.977
RobustScaler,HelmertEncoder,LinearRegression,0,2.5000088214874268,0.047026872634887695,0.9821506525668107,0.9821760091110121,0.24700353803383956,0.2471396503788509,0.10990949708671716,0.10911640034010597,0.33152601268485277,0.3303277165787121,88214132523576.1,87359294082750.2
RobustScaler,HelmertEncoder,LinearRegression,1,2.4938669204711914,0.05495953559875488,0.9820595796170205,0.9821961860922641,0.24755004340622935,0.2470815604790005,0.10994666805937763,0.10912296462415179,0.3315820683622346,0.33033765244693464,88281063285638.14,87555766981594.89
RobustScaler,HelmertEncoder,LinearRegression,2,2.458763599395752,0.038970232009887695,0.9820602736121592,0.9821982359707845,0.24749442079160927,0.24697120367243103,0.10912220794852312,0.10931314212182221,0.3303365071385891,0.33062538033524014,86458946670110.66,87623751977507.0
RobustScaler,HelmertEncoder,LinearRegression,3,2.4784300327301025,0.053228139877319336,0.982174955386577,0.9821699624495472,0.24707098590304394,0.24712225897581375,0.10882386858357926,0.10938755744484249,0.3298846292017548,0.3307378984102706,87400203892034.73,87608017046454.44
RobustScaler,HelmertEncoder,LinearRegression,4,2.5366947650909424,0.039719581604003906,0.9823859104154765,0.9821165932704263,0.24652920326373315,0.24717407949933315,0.10869754103118334,0.10941986764929497,0.3296931012793312,0.3307867404375438,87177598019459.66,87340191589887.47
RobustScaler,HelmertEncoder,DecisionTreeRegressor,0,9.70707893371582,0.10921382904052734,0.9958839180794117,0.9999165684957387,0.08341218473693632,0.0010759096947057954,0.025345267974245085,0.0005107579709082998,0.15920197226870364,0.022599955108546118,2191293314982.363,0.00016239817890139458
RobustScaler,HelmertEncoder,DecisionTreeRegressor,1,9.720532417297363,0.10673189163208008,0.9959404827659241,0.9999148518829599,0.08316003454081557,0.001093388371279806,0.024878480230023887,0.0005218890183714558,0.1577291356408951,0.022844890421524367,1933979667243.1006,0.00016503533502301251
RobustScaler,HelmertEncoder,DecisionTreeRegressor,2,9.609244346618652,0.10575175285339355,0.9959221787894367,0.9999186141659571,0.0833760136351507,0.001069996572030755,0.024804216323922552,0.0004997561606160964,0.15749354375314104,0.022355226695699074,1182058853581.0818,0.0001614537107181808
RobustScaler,HelmertEncoder,DecisionTreeRegressor,3,9.670574426651001,0.1039588451385498,0.9959780212498618,0.9999180704120756,0.08313277935349667,0.0010670876024401618,0.02455462504825361,0.0005026392950748045,0.15669915458691414,0.02241961853098318,1388270197141.8801,0.00016096904446562255
RobustScaler,HelmertEncoder,DecisionTreeRegressor,4,9.662338972091675,0.10669255256652832,0.9965210844968101,0.9999215763086832,0.08244244433291961,0.001034651498057063,0.021468583933186413,0.00047983642346292226,0.1465216159247038,0.02190516887547143,1133510534335.4792,0.00015598089529348204
RobustScaler,HelmertEncoder,GradientBoostingRegressor,0,127.82026839256287,0.34225988388061523,0.9856612039069803,0.9857263696505837,0.21271692226114056,0.21236982632897794,0.08829285626893009,0.08738150581505545,0.2971411386343703,0.2956036295701652,24104621297004.54,23097621712898.53
RobustScaler,HelmertEncoder,GradientBoostingRegressor,1,128.78466033935547,0.33875513076782227,0.9856303156280212,0.9857396696233666,0.21239531177387352,0.21234418043469666,0.08806365090880847,0.08740427951462343,0.2967552036760408,0.2956421477303658,22761889906975.004,22386324691989.164
RobustScaler,HelmertEncoder,GradientBoostingRegressor,2,128.09253764152527,0.338362455368042,0.9856338269178349,0.9857539687012092,0.21293348742661838,0.21215060991381446,0.08738530859417343,0.08747888363652605,0.29561006172688614,0.29576829383239517,22545536637375.08,23438256977130.434
RobustScaler,HelmertEncoder,GradientBoostingRegressor,3,126.89597725868225,0.3360631465911865,0.9858833800165392,0.9858409253799129,0.21177918251650005,0.21210187060121755,0.08618352611401718,0.08686614282151395,0.2935703086383519,0.29473062755932566,24660230498076.094,24798597684308.46
RobustScaler,HelmertEncoder,GradientBoostingRegressor,4,126.82726716995239,0.34239816665649414,0.9859289805157915,0.9857113216292529,0.21213961779424106,0.21270467745653454,0.08683305545801327,0.08742547322513232,0.2946744906808414,0.29567798907786885,24588778377626.105,24843156570727.82
RobustScaler,SumEncoder,LinearRegression,0,2.425753116607666,0.05696678161621094,0.9821506801432269,0.9821762241138576,0.2469906323286389,0.2471234111361171,0.10990932728162701,0.10911508411767787,0.3315257565885749,0.3303257242748101,88143101468096.36,87283036042178.36
RobustScaler,SumEncoder,LinearRegression,1,2.5007894039154053,0.05339193344116211,0.9820625687125131,0.9821980568753894,0.24750481042659345,0.24704424604606412,0.10992834958729568,0.1091114982382493,0.33155444437874104,0.3303202964370329,88147839369067.05,87430493425697.03
RobustScaler,SumEncoder,LinearRegression,2,2.453747034072876,0.039583444595336914,0.9820608773104214,0.9821986875710659,0.24749447904764255,0.24697389299528058,0.10911853582522107,0.10931036903452207,0.33033094893639786,0.3306211866086656,86544119699250.88,87717718253570.89
RobustScaler,SumEncoder,LinearRegression,3,2.484590768814087,0.055246591567993164,0.9821748905706297,0.9821699704870845,0.24707715483891485,0.2471268954280067,0.1088242642921051,0.10938750813442565,0.32988522896926603,0.3307378238641986,87437167172778.2,87644321356547.69
RobustScaler,SumEncoder,LinearRegression,4,2.486720561981201,0.040172576904296875,0.9823865845393855,0.9821167285327572,0.2465261301852277,0.24717634158741358,0.10869338097449072,0.10941904004488158,0.32968679223543473,0.3307854894714724,87130624609307.33,87293377859304.88
RobustScaler,SumEncoder,DecisionTreeRegressor,0,8.37125563621521,0.10103082656860352,0.9961502361569922,0.9999165684957387,0.0826924007994019,0.0010759096947057954,0.023705382478064904,0.0005107579709082998,0.15396552366703692,0.022599955108546118,1940622629938.0989,0.00016239817890139455
RobustScaler,SumEncoder,DecisionTreeRegressor,1,8.36641001701355,0.10144734382629395,0.9960224204536214,0.9999148518829599,0.08288863910904887,0.0010933883712798062,0.02437633058366635,0.0005218890183714558,0.15612921117992734,0.022844890421524367,1728912903264.3757,0.00016503533502301254
RobustScaler,SumEncoder,DecisionTreeRegressor,2,8.351776361465454,0.10153460502624512,0.9959042933262662,0.9999186141659571,0.0836401368089872,0.001069996572030755,0.02491300846429094,0.0004997561606160964,0.1578385518949377,0.022355226695699074,1194017718082.584,0.00016145371071818083
RobustScaler,SumEncoder,DecisionTreeRegressor,3,8.417585134506226,0.10246992111206055,0.9959530108743893,0.9999180704120756,0.08319801823105194,0.0010670876024401618,0.024707316156336378,0.0005026392950748045,0.15718561052569785,0.02241961853098318,1365966574782.296,0.00016096904446562252
RobustScaler,SumEncoder,DecisionTreeRegressor,4,8.396558284759521,0.10395431518554688,0.9964634585820793,0.9999215763086832,0.08264552493438641,0.001034651498057063,0.021824196705611868,0.00047983642346292226,0.1477301482623363,0.02190516887547143,1133803367837.7,0.00015598089529348204
RobustScaler,SumEncoder,GradientBoostingRegressor,0,111.27627539634705,0.33458614349365234,0.9856195708356048,0.9856978254267994,0.21296261766259028,0.21254768654061537,0.08854921689803291,0.08755625023504796,0.29757220451183425,0.2958990541300326,24859681331260.605,23783767062967.348
RobustScaler,SumEncoder,GradientBoostingRegressor,1,111.03013873100281,0.3440721035003662,0.9854677336313555,0.985580870209836,0.2134209912618805,0.21333838388664872,0.08906002381636803,0.08837759134965108,0.29842926099222916,0.29728368833430985,23828308773870.61,23458241861007.22
RobustScaler,SumEncoder,GradientBoostingRegressor,2,110.47257781028748,0.33872318267822266,0.9854450829802516,0.985574839415396,0.21393273074627153,0.21313238894626574,0.08853338380784768,0.08857884120512137,0.2975455995437467,0.297621977019711,22779337138969.453,23655448714843.168
RobustScaler,SumEncoder,GradientBoostingRegressor,3,111.55085396766663,0.34514594078063965,0.9856919606190157,0.9856392916381234,0.21236992129398874,0.212728521479036,0.08735216270440004,0.08810316896071346,0.2955539928750753,0.29682177979507074,23350298145005.65,23375164300375.383
RobustScaler,SumEncoder,GradientBoostingRegressor,4,111.21019506454468,0.3434908390045166,0.9856987841690793,0.9854809747521996,0.21327105623708742,0.2138264715378659,0.08825361010671628,0.08883485372973833,0.29707509169689117,0.29805176350717727,24045648386785.52,24383580655232.348
